subreddit_id,approved_at_utc,author_is_blocked,comment_type,edited,mod_reason_by,banned_by,ups,num_reports,author_flair_type,total_awards_received,subreddit,author_flair_template_id,likes,replies,user_reports,saved,id,banned_at_utc,mod_reason_title,gilded,archived,collapsed_reason_code,no_follow,author,can_mod_post,send_replies,parent_id,score,author_fullname,report_reasons,removal_reason,approved_by,all_awardings,body,awarders,top_awarded_type,downs,author_flair_css_class,author_patreon_flair,collapsed,author_flair_richtext,is_submitter,body_html,gildings,collapsed_reason,associated_award,stickied,author_premium,can_gild,link_id,unrepliable_reason,author_flair_text_color,score_hidden,permalink,subreddit_type,locked,name,created,author_flair_text,treatment_tags,created_utc,subreddit_name_prefixed,controversiality,author_flair_background_color,collapsed_because_crowd_control,mod_reports,mod_note,distinguished,date,author_created_utc,retrieved_on,retrieved_utc,quarantined
t5_35fql,,False,,False,,,1,,text,0,ManitobaFishing,,,,[],False,l9npwpu,,,0,False,,True,WinRepresentative115,False,True,t1_l9npuj2,1,t2_dyzkyh5c,,,,[],Thank you!,[],,0,,False,False,[],False,"&lt;div class=""md""&gt;&lt;p&gt;Thank you!&lt;/p&gt;
&lt;/div&gt;",{},,,False,False,False,t3_1aw2fgo,,,False,/r/ManitobaFishing/comments/1aw2fgo/nueltin_lake_lodge/l9npwpu/,public,False,t1_l9npwpu,1718997351.0,,[],1718997351.0,r/ManitobaFishing,0,,,[],,,2024-06-21 15:15:51,,,,
t5_35fql,,False,,False,,,1,,text,0,ManitobaFishing,,,,[],False,l9npuj2,,,0,False,,True,StephanKesting,False,True,t1_l9npo4e,1,t2_3f22p,,,,[],I will send you a message within Reddit,[],,0,,False,False,[],False,"&lt;div class=""md""&gt;&lt;p&gt;I will send you a message within Reddit&lt;/p&gt;
&lt;/div&gt;",{},,,False,False,False,t3_1aw2fgo,,,False,/r/ManitobaFishing/comments/1aw2fgo/nueltin_lake_lodge/l9npuj2/,public,False,t1_l9npuj2,1718997330.0,,[],1718997330.0,r/ManitobaFishing,0,,,[],,,2024-06-21 15:15:30,,,,
t5_35fql,,False,,False,,,1,,text,0,ManitobaFishing,,,,[],False,l9npo4e,,,0,False,,True,WinRepresentative115,False,True,t1_l3vnzaw,1,t2_dyzkyh5c,,,,[],"Hello sir, do you have a contact number or email for the new owner?",[],,0,,False,False,[],False,"&lt;div class=""md""&gt;&lt;p&gt;Hello sir, do you have a contact number or email for the new owner?&lt;/p&gt;
&lt;/div&gt;",{},,,False,False,False,t3_1aw2fgo,,,False,/r/ManitobaFishing/comments/1aw2fgo/nueltin_lake_lodge/l9npo4e/,public,False,t1_l9npo4e,1718997270.0,,[],1718997270.0,r/ManitobaFishing,0,,,[],,,2024-06-21 15:14:30,,,,
t5_35fql,,False,,False,,,1,,,0,ManitobaFishing,,,,[],False,l9gv7be,,,0,False,DELETED,True,[deleted],False,True,t1_l3vnzaw,1,,,,,[],[deleted],[],,0,,,True,,False,"&lt;div class=""md""&gt;&lt;p&gt;[deleted]&lt;/p&gt;
&lt;/div&gt;",{},,,False,,False,t3_1aw2fgo,,dark,False,/r/ManitobaFishing/comments/1aw2fgo/nueltin_lake_lodge/l9gv7be/,public,False,t1_l9gv7be,1718894406.0,,[],1718894406.0,r/ManitobaFishing,0,,,[],,,2024-06-20 10:40:06,,,,
t5_35fql,,False,,False,,,1,,text,0,ManitobaFishing,,,,[],False,l9gv7be,,,0,False,,True,WinRepresentative115,False,True,t1_l3vnzaw,1,t2_dyzkyh5c,,,,[],Do you have a contact number for them?,[],,0,,False,False,[],False,"&lt;div class=""md""&gt;&lt;p&gt;Do you have a contact number for them?&lt;/p&gt;
&lt;/div&gt;",{},,,False,False,False,t3_1aw2fgo,,,False,/r/ManitobaFishing/comments/1aw2fgo/nueltin_lake_lodge/l9gv7be/,public,False,t1_l9gv7be,1718894406.0,,[],1718894406.0,r/ManitobaFishing,0,,,[],,,2024-06-20 10:40:06,,,,
t5_35fql,,False,,False,,,1,,text,0,ManitobaFishing,,,,[],False,l40jb1t,,,0,False,,True,jocarr69,False,True,t3_wthqxh,1,t2_lao9gsmf,,,,[],Dead or alive?,[],,0,,False,False,[],False,"&lt;div class=""md""&gt;&lt;p&gt;Dead or alive?&lt;/p&gt;
&lt;/div&gt;",{},,,False,False,False,t3_wthqxh,,,False,/r/ManitobaFishing/comments/wthqxh/still_missing_archie_is_still_missing_please_let/l40jb1t/,public,False,t1_l40jb1t,1715700533.0,,[],1715700533.0,r/ManitobaFishing,0,,,[],,,2024-05-14 11:28:53,,,,
t5_35fql,,False,,False,,,1,,text,0,ManitobaFishing,,,,[],False,l3vnzaw,,,0,False,,True,StephanKesting,False,True,t1_l3grprx,1,t2_3f22p,,,,[],I just spoke with the new lodge owner who purchased the property in 2020. They are still working on the renovations and it will not be open this year in 2024.,[],,0,,False,False,[],False,"&lt;div class=""md""&gt;&lt;p&gt;I just spoke with the new lodge owner who purchased the property in 2020. They are still working on the renovations and it will not be open this year in 2024.&lt;/p&gt;
&lt;/div&gt;",{},,,False,False,False,t3_1aw2fgo,,,False,/r/ManitobaFishing/comments/1aw2fgo/nueltin_lake_lodge/l3vnzaw/,public,False,t1_l3vnzaw,1715621641.0,,[],1715621641.0,r/ManitobaFishing,0,,,[],,,2024-05-13 13:34:01,,,,
t5_35fql,,False,,False,,,1,,text,0,ManitobaFishing,,,,[],False,l3grprx,,,0,False,,True,StephanKesting,False,True,t3_1aw2fgo,1,t2_3f22p,,,,[],I am trying to get in touch with the lodge via email - I'll post back here if I get an answer,[],,0,,False,False,[],False,"&lt;div class=""md""&gt;&lt;p&gt;I am trying to get in touch with the lodge via email - I&amp;#39;ll post back here if I get an answer&lt;/p&gt;
&lt;/div&gt;",{},,,False,False,False,t3_1aw2fgo,,,False,/r/ManitobaFishing/comments/1aw2fgo/nueltin_lake_lodge/l3grprx/,public,False,t1_l3grprx,1715364810.0,,[],1715364810.0,r/ManitobaFishing,0,,,[],,,2024-05-10 14:13:30,,,,
t5_35fql,,False,,False,,,1,,text,0,ManitobaFishing,,,,[],False,ks3tmda,,,0,False,,True,Mike_S_1962,False,True,t1_ks3lmoz,1,t2_b1r9w3ij,,,,[],"Will check them out, thanks!",[],,0,,False,False,[],True,"&lt;div class=""md""&gt;&lt;p&gt;Will check them out, thanks!&lt;/p&gt;
&lt;/div&gt;",{},,,False,False,False,t3_1azsg34,,,False,/r/ManitobaFishing/comments/1azsg34/lodge_recommendations/ks3tmda/,public,False,t1_ks3tmda,1708887930.0,,[],1708887930.0,r/ManitobaFishing,0,,,[],,,2024-02-25 14:05:30,,,,
t5_35fql,,False,,False,,,1,,text,0,ManitobaFishing,,,,[],False,ks3lmoz,,,0,False,,True,Positive_Ad_2948,False,True,t3_1azsg34,1,t2_mtwxie6y,,,,[],"Burntwood Lake lodge will direct fly from Winnipeg. We go almost every year but drive to Snow Lake and fly from there. You can either go to their lodge or to an outpost. We usually start at Dow lake for a few days and then they pick us up to go to the main Lodge for the remainder of the week. Lots of pike and pickerel.  Love Dow outpost for the quiet. Nobody around for miles. It's a special place. New owners last year, so they've had some learning to do... lots of mistakes but seem to have learned from them and putting lots of money into the place. The new manager is great.",[],,0,,False,False,[],False,"&lt;div class=""md""&gt;&lt;p&gt;Burntwood Lake lodge will direct fly from Winnipeg. We go almost every year but drive to Snow Lake and fly from there. You can either go to their lodge or to an outpost. We usually start at Dow lake for a few days and then they pick us up to go to the main Lodge for the remainder of the week. Lots of pike and pickerel.  Love Dow outpost for the quiet. Nobody around for miles. It&amp;#39;s a special place. New owners last year, so they&amp;#39;ve had some learning to do... lots of mistakes but seem to have learned from them and putting lots of money into the place. The new manager is great.&lt;/p&gt;
&lt;/div&gt;",{},,,False,False,False,t3_1azsg34,,,False,/r/ManitobaFishing/comments/1azsg34/lodge_recommendations/ks3lmoz/,public,False,t1_ks3lmoz,1708885190.0,,[],1708885190.0,r/ManitobaFishing,0,,,[],,,2024-02-25 13:19:50,,,,
t5_35fql,,False,,False,,,1,,text,0,ManitobaFishing,,,,[],False,kgrvcfe,,,0,False,,True,sir_G204,False,True,t3_190uyh3,1,t2_3g5hx57n,,,,[],"Ice freezes faster than expected I wouldn’t risk going somewhere without an auger hoping to find a clear hole. I’ve made ice fishing holes in 12 inches of ice with an old axe before I got an auger. Most of the lakes are frozen, I wouldn’t go on the rivers though.",[],,0,,False,False,[],False,"&lt;div class=""md""&gt;&lt;p&gt;Ice freezes faster than expected I wouldn’t risk going somewhere without an auger hoping to find a clear hole. I’ve made ice fishing holes in 12 inches of ice with an old axe before I got an auger. Most of the lakes are frozen, I wouldn’t go on the rivers though.&lt;/p&gt;
&lt;/div&gt;",{},,,False,False,False,t3_190uyh3,,,False,/r/ManitobaFishing/comments/190uyh3/ice_fishing_north_of_winnipeg/kgrvcfe/,public,False,t1_kgrvcfe,1704656389.0,,[],1704656389.0,r/ManitobaFishing,0,,,[],,,2024-01-07 14:39:49,,,,
t5_35fql,,False,,False,,,1,,text,0,ManitobaFishing,,,,[],False,kg1wy4e,,,0,False,,True,bluebombersfan2023,False,True,t1_kg1oxx1,1,t2_o4vecgfuo,,,,[],Thanks,[],,0,,False,False,[],True,"&lt;div class=""md""&gt;&lt;p&gt;Thanks&lt;/p&gt;
&lt;/div&gt;",{},,,False,False,False,t3_18x3bpx,,,False,/r/ManitobaFishing/comments/18x3bpx/fishing_the_narrows/kg1wy4e/,public,False,t1_kg1wy4e,1704239972.0,,[],1704239972.0,r/ManitobaFishing,0,,,[],,,2024-01-02 18:59:32,,,,
t5_35fql,,False,,False,,,1,,text,0,ManitobaFishing,,,,[],False,kg1oxx1,,,0,False,,True,snopro31,False,True,t3_18x3bpx,1,t2_tms4m,,,,[],"Drove over the narrows a few days ago. Didn’t seen any trucks out but shacks, sleds and atvs were out.",[],,0,,False,False,[],False,"&lt;div class=""md""&gt;&lt;p&gt;Drove over the narrows a few days ago. Didn’t seen any trucks out but shacks, sleds and atvs were out.&lt;/p&gt;
&lt;/div&gt;",{},,,False,False,False,t3_18x3bpx,,,False,/r/ManitobaFishing/comments/18x3bpx/fishing_the_narrows/kg1oxx1/,public,False,t1_kg1oxx1,1704236930.0,,[],1704236930.0,r/ManitobaFishing,0,,,[],,,2024-01-02 18:08:50,,,,
t5_35fql,,False,,False,,,1,,text,0,ManitobaFishing,,,,[],False,ke2tzks,,,0,False,,True,Avs4life16,False,True,t3_185ps2y,1,t2_agpq326p,,,,[],or anything North and West of Lynn Lake,[],,0,,False,False,[],True,"&lt;div class=""md""&gt;&lt;p&gt;or anything North and West of Lynn Lake&lt;/p&gt;
&lt;/div&gt;",{},,,False,False,False,t3_185ps2y,,,False,/r/ManitobaFishing/comments/185ps2y/north_of_53/ke2tzks/,public,False,t1_ke2tzks,1703014952.0,,[],1703014952.0,r/ManitobaFishing,0,,,[],,,2023-12-19 14:42:32,,,,
t5_35fql,,False,,False,,,1,,text,0,ManitobaFishing,,,,[],False,jnbr94z,,,0,False,,True,snopro31,False,True,t3_143mxv5,1,t2_tms4m,,,,[],Was going to this spring until the new rules came forward.,[],,0,,False,False,[],False,"&lt;div class=""md""&gt;&lt;p&gt;Was going to this spring until the new rules came forward.&lt;/p&gt;
&lt;/div&gt;",{},,,False,False,True,t3_143mxv5,,,False,/r/ManitobaFishing/comments/143mxv5/has_anyone_had_any_luck_fishing_bass_on_clear/jnbr94z/,public,False,t1_jnbr94z,1686181325.0,,[],1686181325.0,r/ManitobaFishing,0,,,[],,,2023-06-07 19:42:05,,,,
t5_35fql,,False,,False,,,1,,text,0,ManitobaFishing,,,,[],False,jmobumr,,,0,False,,True,Repulsive-Fuel-5281,False,True,t1_jmo577c,1,t2_d82gxpjo,,,,[],"ya there's not much down that way, other than the Red, which is a solid option. One of the best multi species fisheries on the planet. But in terms of lakes.... yeah, the West edge of LOTW at Buffalo is maybe your closest....",[],,0,,False,False,[],False,"&lt;div class=""md""&gt;&lt;p&gt;ya there&amp;#39;s not much down that way, other than the Red, which is a solid option. One of the best multi species fisheries on the planet. But in terms of lakes.... yeah, the West edge of LOTW at Buffalo is maybe your closest....&lt;/p&gt;
&lt;/div&gt;",{},,,False,False,True,t3_13yo5bm,,,False,/r/ManitobaFishing/comments/13yo5bm/lakes_to_fish_in_the_south/jmobumr/,public,False,t1_jmobumr,1685746587.0,,[],1685746587.0,r/ManitobaFishing,0,,,[],,,2023-06-02 18:56:27,,,,
t5_35fql,,False,,False,,,1,,text,0,ManitobaFishing,,,,[],False,jmo577c,,,0,False,,False,BTown-Hustle,False,True,t1_jmo23yk,1,t2_1gqzo1af,,,,[],"Good point. I’m in Emerson, so I’m about as south as you can get.",[],,0,,False,False,[],True,"&lt;div class=""md""&gt;&lt;p&gt;Good point. I’m in Emerson, so I’m about as south as you can get.&lt;/p&gt;
&lt;/div&gt;",{},,,False,False,True,t3_13yo5bm,,,False,/r/ManitobaFishing/comments/13yo5bm/lakes_to_fish_in_the_south/jmo577c/,public,False,t1_jmo577c,1685743541.0,,[],1685743541.0,r/ManitobaFishing,0,,,[],,,2023-06-02 18:05:41,,,,
t5_35fql,,False,,False,,,1,,text,0,ManitobaFishing,,,,[],False,jmo23yk,,,0,False,,True,Repulsive-Fuel-5281,False,True,t3_13yo5bm,1,t2_d82gxpjo,,,,[],"I mean, what is ""southern Manitoba"" to you? Technically LW/LM are very much in southern Manitoba..... but if you mean in the bible belt, then, there's always Minnewasta west of Morden. I think Mary Jane Reservoir is down there.",[],,0,,False,False,[],False,"&lt;div class=""md""&gt;&lt;p&gt;I mean, what is &amp;quot;southern Manitoba&amp;quot; to you? Technically LW/LM are very much in southern Manitoba..... but if you mean in the bible belt, then, there&amp;#39;s always Minnewasta west of Morden. I think Mary Jane Reservoir is down there.&lt;/p&gt;
&lt;/div&gt;",{},,,False,False,True,t3_13yo5bm,,,False,/r/ManitobaFishing/comments/13yo5bm/lakes_to_fish_in_the_south/jmo23yk/,public,False,t1_jmo23yk,1685742196.0,,[],1685742196.0,r/ManitobaFishing,0,,,[],,,2023-06-02 17:43:16,,,,
t5_35fql,,,,False,,,,,text,0,ManitobaFishing,,,,,,jedbdxh,,,0,False,,True,AmputatorBot,,True,t3_127a67w,1,t2_40ogh1l4,,,,[],"It looks like OP posted an AMP link. These should load faster, but AMP is controversial because of [concerns over privacy and the Open Web](https://www.reddit.com/r/AmputatorBot/comments/ehrq3z/why_did_i_build_amputatorbot).

Maybe check out **the canonical page** instead: **[https://www.cbc.ca/news/canada/manitoba/candice-bergen-maga-hat-1.5865727](https://www.cbc.ca/news/canada/manitoba/candice-bergen-maga-hat-1.5865727)**

*****

 ^(I'm a bot | )[^(Why &amp; About)](https://www.reddit.com/r/AmputatorBot/comments/ehrq3z/why_did_i_build_amputatorbot)^( | )[^(Summon: u/AmputatorBot)](https://www.reddit.com/r/AmputatorBot/comments/cchly3/you_can_now_summon_amputatorbot/)",,,,,False,False,[],False,,{},,,False,False,True,t3_127a67w,,,False,/r/ManitobaFishing/comments/127a67w/a_vote_for_pc_us_a_vote_for_trump/jedbdxh/,public,False,t1_jedbdxh,,,[],1680237177.0,r/ManitobaFishing,0,,,,,,2023-03-31 00:32:57,1561550494.0,1681166804.0,,
t5_35fql,,,,False,,,,,text,0,ManitobaFishing,,,,,,ikumtvu,,,0,False,,True,thenextreddituser,,True,t3_vsart4,0,t2_5051q7tn,,,,[],"You're allowed to use snorkeling gear for most fish types, and scuba for a select few species. Its allin the Manitoba angling guide. 

I tried it last weekend using snorkeling gear and a doubled 7mm wetsuit. It was really fun but challenging. Shot at a fish, got nothing.

Happy hunting",,,,,False,False,[],False,,{},,,False,False,True,t3_vsart4,,,False,/r/ManitobaFishing/comments/vsart4/spearfishing_and_scuba_gear/ikumtvu/,public,False,t1_ikumtvu,,,[],1660858415.0,r/ManitobaFishing,0,,,,,,2022-08-18 17:33:35,1581284933.0,1662654943.0,,
t5_35fql,,,,False,,,,,text,0,ManitobaFishing,,,,,,ie8iar6,,,0,False,,False,Living-Chain1520,,True,t3_vn6zh1,1,t2_a8995ifg,,,,[],Bottom bouncers along the beach area. Or look for all the other boats there will be lots out this weekend.,,,,,False,False,[],False,,{},,,False,False,True,t3_vn6zh1,,,False,/r/ManitobaFishing/comments/vn6zh1/i_am_going_to_oak_lake_near_brandon_manitoba_this/ie8iar6/,public,False,t1_ie8iar6,,,[],1656536834.0,r/ManitobaFishing,0,,,,,,2022-06-29 17:07:14,1612738124.0,1656852329.0,,
t5_35fql,,,,False,,,,,text,0,ManitobaFishing,,,,,,i4pnvzm,,,0,False,,True,alex7737379,,True,t3_oyhwoh,1,t2_lxmkxy39,,,,[],If you want to got for pike walleye and perch head up to white shell theres lots of lake to choose from,,,,,False,False,[],False,,{},,,False,False,True,t3_oyhwoh,,,False,/r/ManitobaFishing/comments/oyhwoh/fishing_trip/i4pnvzm/,public,False,t1_i4pnvzm,,,[],1649950749.0,r/ManitobaFishing,0,,,,,,2022-04-14 11:39:09,1649950548.0,1655594295.0,,
t5_35fql,,,,False,,,,,text,0,ManitobaFishing,,,,,,h4zacsi,,,0,False,,True,student56789,,True,t1_h4za723,2,t2_596o3vea,,,,[],Thank you so much!,,,,,False,False,[],True,,{},,,False,False,True,t3_oj1ukw,,,False,/r/ManitobaFishing/comments/oj1ukw/would_really_love_to_catch_a_trout/h4zacsi/,public,False,t1_h4zacsi,,,[],1626133903.0,r/ManitobaFishing,0,,,,,,2021-07-12 19:51:43,1576770049.0,1652623960.0,,
t5_35fql,,,,False,,,,,text,1,ManitobaFishing,,,,,,h4za723,,,0,False,,True,sundance204,,True,t3_oj1ukw,2,t2_p486c,,,,"[{'award_sub_type': 'GLOBAL', 'award_type': 'global', 'awardings_required_to_grant_benefits': None, 'coin_price': 150, 'coin_reward': 0, 'count': 1, 'days_of_drip_extension': None, 'days_of_premium': None, 'description': 'Thank you stranger. Shows the award.', 'end_date': None, 'giver_coin_reward': None, 'icon_format': None, 'icon_height': 2048, 'icon_url': 'https://i.redd.it/award_images/t5_22cerq/klvxk1wggfd41_Helpful.png', 'icon_width': 2048, 'id': 'award_f44611f1-b89e-46dc-97fe-892280b13b82', 'is_enabled': True, 'is_new': False, 'name': 'Helpful', 'penny_donate': None, 'penny_price': None, 'resized_icons': [{'height': 16, 'url': 'https://preview.redd.it/award_images/t5_22cerq/klvxk1wggfd41_Helpful.png?width=16&amp;height=16&amp;auto=webp&amp;s=a5662dfbdb402bf67866c050aa76c31c147c2f45', 'width': 16}, {'height': 32, 'url': 'https://preview.redd.it/award_images/t5_22cerq/klvxk1wggfd41_Helpful.png?width=32&amp;height=32&amp;auto=webp&amp;s=a6882eb3f380e8e88009789f4d0072e17b8c59f1', 'width': 32}, {'height': 48, 'url': 'https://preview.redd.it/award_images/t5_22cerq/klvxk1wggfd41_Helpful.png?width=48&amp;height=48&amp;auto=webp&amp;s=e50064b090879e8a0b55e433f6ee61d5cb5fbe1d', 'width': 48}, {'height': 64, 'url': 'https://preview.redd.it/award_images/t5_22cerq/klvxk1wggfd41_Helpful.png?width=64&amp;height=64&amp;auto=webp&amp;s=8e5bb2e76683cb6b161830bcdd9642049d6adc11', 'width': 64}, {'height': 128, 'url': 'https://preview.redd.it/award_images/t5_22cerq/klvxk1wggfd41_Helpful.png?width=128&amp;height=128&amp;auto=webp&amp;s=eda4a9246f95f42ee6940cc0ec65306fd20de878', 'width': 128}], 'resized_static_icons': [{'height': 16, 'url': 'https://preview.redd.it/award_images/t5_22cerq/klvxk1wggfd41_Helpful.png?width=16&amp;height=16&amp;auto=webp&amp;s=a5662dfbdb402bf67866c050aa76c31c147c2f45', 'width': 16}, {'height': 32, 'url': 'https://preview.redd.it/award_images/t5_22cerq/klvxk1wggfd41_Helpful.png?width=32&amp;height=32&amp;auto=webp&amp;s=a6882eb3f380e8e88009789f4d0072e17b8c59f1', 'width': 32}, {'height': 48, 'url': 'https://preview.redd.it/award_images/t5_22cerq/klvxk1wggfd41_Helpful.png?width=48&amp;height=48&amp;auto=webp&amp;s=e50064b090879e8a0b55e433f6ee61d5cb5fbe1d', 'width': 48}, {'height': 64, 'url': 'https://preview.redd.it/award_images/t5_22cerq/klvxk1wggfd41_Helpful.png?width=64&amp;height=64&amp;auto=webp&amp;s=8e5bb2e76683cb6b161830bcdd9642049d6adc11', 'width': 64}, {'height': 128, 'url': 'https://preview.redd.it/award_images/t5_22cerq/klvxk1wggfd41_Helpful.png?width=128&amp;height=128&amp;auto=webp&amp;s=eda4a9246f95f42ee6940cc0ec65306fd20de878', 'width': 128}], 'start_date': None, 'static_icon_height': 2048, 'static_icon_url': 'https://i.redd.it/award_images/t5_22cerq/klvxk1wggfd41_Helpful.png', 'static_icon_width': 2048, 'subreddit_coin_reward': 0, 'subreddit_id': None, 'tiers_by_required_awardings': None}]","For lake trout jigging a small white tube jig tipped with a minnow. They will be deeper now.  

Heard of some people trolling mepps or small rapalas for browns and rainbows",,,,,False,False,[],False,,{},,,False,False,True,t3_oj1ukw,,,False,/r/ManitobaFishing/comments/oj1ukw/would_really_love_to_catch_a_trout/h4za723/,public,False,t1_h4za723,,,[],1626133817.0,r/ManitobaFishing,0,,,,,,2021-07-12 19:50:17,1438029385.0,1652623970.0,,
t5_35fql,,False,,False,,,,,text,0,ManitobaFishing,,,,,,gzpyzas,,,0,False,,True,Upset-Artichoke2416,,True,t1_gzptmbz,3,t2_byfi8mad,,,,[],Thank you bruh,,,,,False,False,[],True,,{},,,False,False,True,t3_nmg92q,,,False,/r/ManitobaFishing/comments/nmg92q/bluegills/gzpyzas/,public,False,t1_gzpyzas,,,[],1622174866.0,,0,,,,,,2021-05-28 00:07:46,1620366039.0,,1627825812.0,
t5_35fql,,False,,False,,,,,text,0,ManitobaFishing,,,,,,gzptmbz,,,0,False,,True,Bigpapamarty,,True,t3_nmg92q,2,t2_8bkoh,,,,[],Check out Metigoshe Lake.,,,,,False,False,[],False,,{},,,False,False,True,t3_nmg92q,,,False,/r/ManitobaFishing/comments/nmg92q/bluegills/gzptmbz/,public,False,t1_gzptmbz,,,[],1622171823.0,,0,,,,,,2021-05-27 23:17:03,1342197469.0,,1627826038.0,
t5_35fql,,False,,False,,,,,text,0,ManitobaFishing,,,,,,gui3068,,,0,False,,True,TransportationNo8096,,True,t3_mqtx6v,1,t2_57h0uyfb,,,,[],"Just leaving this here, hoping to get discussion regarding improving the provincial booking system for manitoba campgrounds. 
I personally find it is an antiquated system, and improvements to it would benefit both people looking to book, and the park's coffers. I think if they added a wait list, modified the rules so you could book a number of sites at one campgrounds for multiple families to camp together, and had a way to ensure the system optimized how many days are booked in the park we would all benefit.",,,,,False,False,[],True,,{},,,False,False,True,t3_mqtx6v,,,False,/r/ManitobaFishing/comments/mqtx6v/a_petition_to_change_the_manitoba_parks_booking/gui3068/,public,False,t1_gui3068,,,[],1618416886.0,,0,,,,,,2021-04-14 12:14:46,1595076316.0,,1628306377.0,
t5_35fql,,,,False,,,,,text,0,ManitobaFishing,,,,,,gkwirb1,,,0,,,True,Cortezthecarpenter,False,True,t1_giguzlw,1,t2_igb20,,,,[],Did you make it out yet?,[],,,,False,False,[],False,,{},,,False,False,True,t3_krzidf,,,,/r/ManitobaFishing/comments/krzidf/ice_fishing_2021/gkwirb1/,public,False,,,,[],1611715519.0,r/ManitobaFishing,0,,,,,,2021-01-26 21:45:19,1411008101.0,1622148808.0,,False
t5_35fql,,,,False,,,,,text,0,ManitobaFishing,,,,,,gisxs7t,,,0,,,True,tadair88,False,True,t3_ku8rgb,2,t2_6gt31b2z,,,,[],no biggins but got a catfish and a fancy carp,[],,,,False,False,[],False,,{},,,False,False,True,t3_ku8rgb,,,,/r/ManitobaFishing/comments/ku8rgb/ice_fishing/gisxs7t/,public,False,,,,[],1610315372.0,r/ManitobaFishing,0,,,,,,2021-01-10 16:49:32,,1620859305.0,,False
t5_35fql,,,,False,,,,,text,0,ManitobaFishing,,,,,,gigxk74,,,0,,,True,Cortezthecarpenter,False,True,t1_giguzlw,2,t2_igb20,,,,[],"Turn east at Jonas road. Turn right at the fork about 15 miles in. It takes about an hour from town. It’s the winter road to thickett portage. Also you can go to partridge crop lake. Instead of taking the right at the fork go straight. That’s the road to pikwitonei. There plenty of fish there also. Just fish near everybody else. 
Look on google earth to see what I’m talking about.",[],,,,False,False,[],False,,{},,,False,False,True,t3_krzidf,,,,/r/ManitobaFishing/comments/krzidf/ice_fishing_2021/gigxk74/,public,False,,,,[],1610054974.0,r/ManitobaFishing,0,,,,,,2021-01-07 16:29:34,1411008101.0,1620653663.0,,False
t5_35fql,,,,False,,,,,text,0,ManitobaFishing,,,,,,giguzlw,,,0,,,True,Jojobrownie57,False,True,t1_gie4yss,1,t2_9k94bv1g,,,,[],How do you even get in there??,[],,,,False,False,[],True,,{},,,False,False,True,t3_krzidf,,,,/r/ManitobaFishing/comments/krzidf/ice_fishing_2021/giguzlw/,public,False,,,,[],1610053816.0,r/ManitobaFishing,0,,,,,,2021-01-07 16:10:16,,1620652462.0,,False
t5_35fql,,,,False,,,,,text,0,ManitobaFishing,,,,,,gie4zzy,,,0,,,True,converter-bot,False,True,t1_gie4yss,1,t2_zds627j,,,,[],2 miles is 3.22 km,[],,,,False,False,[],False,,{},,,False,True,True,t3_krzidf,,,,/r/ManitobaFishing/comments/krzidf/ice_fishing_2021/gie4zzy/,public,False,,,,[],1609994910.0,r/ManitobaFishing,0,,,,,,2021-01-06 23:48:30,,1620606728.0,,False
t5_35fql,,,,False,,,,,text,0,ManitobaFishing,,,,,,gie4yss,,,0,,,True,Cortezthecarpenter,False,True,t3_krzidf,1,t2_igb20,,,,[],Try wintering. Use a 1/4oz jig and a minnnow. There’s a reef near the ice road about 2 miles onto the lake. Right hand side. If you go on a weekend there’ll be people fishing near there.,[],,,,False,False,[],False,,{},,,False,False,True,t3_krzidf,,,,/r/ManitobaFishing/comments/krzidf/ice_fishing_2021/gie4yss/,public,False,,,,[],1609994892.0,r/ManitobaFishing,0,,,,,,2021-01-06 23:48:12,1411008101.0,1620606714.0,,False
t5_35fql,,,,False,,,,,text,0,ManitobaFishing,,,,,,gho24pz,,,0,,,True,tadair88,False,True,t1_gho1nho,1,t2_6gt31b2z,,,,[],"lol with sharp blades its not that bad. ugh dugga always makes me laugh, thank you for that. chalet is drive on so I'm sure someone can drill you a hole or 4",[],,,,False,False,[],True,,{},,,False,False,True,t3_kkuion,,,,/r/ManitobaFishing/comments/kkuion/anyone_been_ice_fishing_yet/gho24pz/,public,False,,,,[],1609468495.0,r/ManitobaFishing,0,,,,,,2020-12-31 21:34:55,,1620167048.0,,False
t5_35fql,,,,False,,,,,text,0,ManitobaFishing,,,,,,gho1nho,,,0,,,True,sonnyboy204,False,True,t1_gho0skl,1,t2_89ebvj71,,,,[],id rather blow the cordless ugga dugga than kill myself doing that... if anything id take my chainsaw to the ice lol,[],,,,False,False,[],False,,{},,,False,False,True,t3_kkuion,,,,/r/ManitobaFishing/comments/kkuion/anyone_been_ice_fishing_yet/gho1nho/,public,False,,,,[],1609468183.0,r/ManitobaFishing,0,,,,,,2020-12-31 21:29:43,,1620166836.0,,False
t5_35fql,,,,False,,,,,text,0,ManitobaFishing,,,,,,gho0skl,,,0,,,True,tadair88,False,True,t1_gho0mcl,2,t2_6gt31b2z,,,,[],"if you really want to get on ice but don't wanna fix motor right away, take blade off an spin with pipe wrench or something",[],,,,False,False,[],True,,{},,,False,False,True,t3_kkuion,,,,/r/ManitobaFishing/comments/kkuion/anyone_been_ice_fishing_yet/gho0skl/,public,False,,,,[],1609467624.0,r/ManitobaFishing,0,,,,,,2020-12-31 21:20:24,,1620166438.0,,False
t5_35fql,,,,False,,,,,text,0,ManitobaFishing,,,,,,gho0mcl,,,0,,,True,sonnyboy204,False,True,t1_ghngyfs,1,t2_89ebvj71,,,,[],needs throttle cable and a primer bulb and filter and box lol was free so cant complain,[],,,,False,False,[],False,,{},,,False,False,True,t3_kkuion,,,,/r/ManitobaFishing/comments/kkuion/anyone_been_ice_fishing_yet/gho0mcl/,public,False,,,,[],1609467513.0,r/ManitobaFishing,0,,,,,,2020-12-31 21:18:33,,1620166349.0,,False
t5_35fql,,,,False,,,,,text,0,ManitobaFishing,,,,,,ghnh0ta,,,0,,,True,tadair88,False,True,t3_kkuion,2,t2_6gt31b2z,,,,[],"lake winnipsg seems to be 15ish inches in the south basin, red river Bridge to no where was sketchy 6 to 8 inches north side of Bridge",[],,,,False,False,[],True,,{},,,False,False,True,t3_kkuion,,,,/r/ManitobaFishing/comments/kkuion/anyone_been_ice_fishing_yet/ghnh0ta/,public,False,,,,[],1609455899.0,r/ManitobaFishing,0,,,,,,2020-12-31 18:04:59,,1620157204.0,,False
t5_35fql,,,,False,,,,,text,0,ManitobaFishing,,,,,,ghngyfs,,,0,,,True,tadair88,False,True,t1_ghnezg4,2,t2_6gt31b2z,,,,[],whats the issue with it?,[],,,,False,False,[],True,,{},,,False,False,True,t3_kkuion,,,,/r/ManitobaFishing/comments/kkuion/anyone_been_ice_fishing_yet/ghngyfs/,public,False,,,,[],1609455860.0,r/ManitobaFishing,0,,,,,,2020-12-31 18:04:20,,1620157173.0,,False
t5_35fql,,,,False,,,,,text,0,ManitobaFishing,,,,,,ghnezg4,,,0,,,False,sonnyboy204,False,True,t3_kkuion,2,t2_89ebvj71,,,,[],i still have to get the old jiffy model 75 working first ugggg finding parts is impossible,[],,,,False,False,[],False,,{},,,False,False,True,t3_kkuion,,,,/r/ManitobaFishing/comments/kkuion/anyone_been_ice_fishing_yet/ghnezg4/,public,False,,,,[],1609454705.0,r/ManitobaFishing,0,,,,,,2020-12-31 17:45:05,,1620156248.0,,False
t5_35fql,,,,False,,,,,text,0,ManitobaFishing,,,,,,g2wzjh5,,,0,,,True,sundance204,False,True,t3_iglwrk,1,t2_p486c,,,,[],"From page 3 of the [MB fishing guide](https://www.gov.mb.ca/sd/pubs/fish_wildlife/angling_guide.pdf)

 *ANGLING AND ICE FISHING Angling is fishing with a hook and line. The use of any unusual or special gimmicks is often illegal and best avoided. Hooks or lures must not be spring-loaded. Anglers may use only one rod and line, except during ice fishing when two may be used. Only two hooks or lures may be used per line. Anglers must, when fishing in open water, keep their line in sight at all times and when ice fishing stay within 50 m of the line.* 

My interpretation of that would bank line or jug fishing either illegal or impractical in lieu of rod and reel fishing.  If you have further concerns I would recommend checking n with MB conservation.  You can call your district office and leave a message to speak to an NRO.",[],,,,False,False,[],False,,{},,,False,False,True,t3_iglwrk,,,,/r/ManitobaFishing/comments/iglwrk/are_bank_line_fishing_and_jug_fishing_illegal_in/g2wzjh5/,public,False,,,,[],1598454048.0,r/ManitobaFishing,0,,,,,,2020-08-26 11:00:48,1438029385.0,1610967383.0,,False
t5_35fql,,,,False,,,,,text,0,ManitobaFishing,,,,,,fkeguy5,,,0,,,True,Adamizer_,False,True,t3_fi19ka,1,t2_5u6abp34,,,,[],"Those were just the big ones , fishing is usually pretty good there",[],,,,False,False,[],True,,{},,,False,False,True,t3_fi19ka,,,,/r/ManitobaFishing/comments/fi19ka/oak_lake_ice_fishing/fkeguy5/,public,False,,,,[],1584112914.0,r/ManitobaFishing,0,,,,,,2020-03-13 11:21:54,,1591732507.0,,False
t5_35fql,,,,False,,,,,text,,ManitobaFishing,,,,,,e2cd49s,,,0,False,,True,Leech_Hunter,False,True,t1_e28ixt5,1,t2_ffym4of,,,,,Nah... We had big boats up there and were hesitant to launch in the sand/rocks.  We fished from shore a bit and caught some little pike and perch,,,,,,False,[],False,,,,,False,,True,t3_8wb7kz,,,False,/r/ManitobaFishing/comments/8wb7kz/little_limestone_lake/e2cd49s/,public,,,,,,1531517325.0,r/ManitobaFishing,0,,,,,,2018-07-13 17:28:45,1506721505.0,1536034568.0,,
t5_35fql,,,,False,,,,,text,,ManitobaFishing,,,,,,e28ixt5,,,0,False,,True,ikkoden,False,True,t1_e28irm5,2,t2_1n7edc0g,,,,,"Mostly for a canoe trip, but we will fish. Did you paddle out to find a site?",,,,,,False,[],True,,,,,False,,True,t3_8wb7kz,,,False,/r/ManitobaFishing/comments/8wb7kz/little_limestone_lake/e28ixt5/,public,,,,,,1531368218.0,r/ManitobaFishing,0,,,,,,2018-07-12 00:03:38,1529937910.0,1535970108.0,,
t5_35fql,,,,False,,,,,text,,ManitobaFishing,,,,,,e28irm5,,,0,False,,True,Leech_Hunter,False,True,t1_e25e967,1,t2_ffym4of,,,,,"I was there in the middle of the day and it was windy.  Didn't have a problem then.  They were terrible on Cross Bay though.

You going to fish Little Limestone? ",,,,,,False,[],False,,,,,False,,True,t3_8wb7kz,,,False,/r/ManitobaFishing/comments/8wb7kz/little_limestone_lake/e28irm5/,public,,,,,,1531368017.0,r/ManitobaFishing,0,,,,,,2018-07-12 00:00:17,1506721505.0,1535970031.0,,
t5_35fql,,,,False,,,,,text,,ManitobaFishing,,,,,,e25e967,,,0,False,,True,ikkoden,False,True,t1_e23whs3,2,t2_1n7edc0g,,,,,"We were hoping to bring our canoe and paddle to find a place to camp. That was the plan anyways! 

How were the black flies? I've been before around this time of year and they were brutal. ",,,,,,False,[],True,,,,,False,,True,t3_8wb7kz,,,False,/r/ManitobaFishing/comments/8wb7kz/little_limestone_lake/e25e967/,public,,,,,,1531254010.0,r/ManitobaFishing,0,,,,,,2018-07-10 16:20:10,1529937910.0,1535887968.0,,
t5_35fql,,,,False,,,,,text,,ManitobaFishing,,,,,,e23whs3,,,0,False,,True,Leech_Hunter,False,True,t3_8wb7kz,1,t2_ffym4of,,,,,"I was just there a few weeks ago.  Garbage everywhere but there were signs of people camping there.   There was a little structure built you could throw some tarps over. 

Sweet lake.

Your bringing a boat? ",,,,,,False,[],False,,,,,False,,True,t3_8wb7kz,,,False,/r/ManitobaFishing/comments/8wb7kz/little_limestone_lake/e23whs3/,public,,,,,,1531195821.0,r/ManitobaFishing,0,,,,,,2018-07-10 00:10:21,1506721505.0,1535862876.0,,
