subreddit_id,approved_at_utc,author_is_blocked,comment_type,edited,mod_reason_by,banned_by,ups,num_reports,author_flair_type,total_awards_received,subreddit,author_flair_template_id,likes,replies,user_reports,saved,id,banned_at_utc,mod_reason_title,gilded,archived,collapsed_reason_code,no_follow,author,can_mod_post,send_replies,parent_id,score,author_fullname,report_reasons,removal_reason,approved_by,all_awardings,body,awarders,top_awarded_type,downs,author_flair_css_class,author_patreon_flair,collapsed,author_flair_richtext,is_submitter,body_html,gildings,collapsed_reason,associated_award,stickied,author_premium,can_gild,link_id,unrepliable_reason,author_flair_text_color,score_hidden,permalink,subreddit_type,locked,name,created,author_flair_text,treatment_tags,created_utc,subreddit_name_prefixed,controversiality,author_flair_background_color,collapsed_because_crowd_control,mod_reports,mod_note,distinguished,date,author_created_utc,retrieved_on,retrieved_utc
t5_2xdz5,,False,,False,,,1,,text,0,ontariofishing,,,,[],False,l8g0v9o,,,0,False,,True,Realistic_Ad5903,False,True,t3_q3yjfh,1,t2_8g44zctny,,,,[],I‚Äôm going to Lake Nipissing. We‚Äôre on the west arm at the deluxe camp. Do you have any tips for musky pickerel  fishing there?,[],,0,,False,False,[],False,"&lt;div class=""md""&gt;&lt;p&gt;I‚Äôm going to Lake Nipissing. We‚Äôre on the west arm at the deluxe camp. Do you have any tips for musky pickerel  fishing there?&lt;/p&gt;
&lt;/div&gt;",{},,,False,False,False,t3_q3yjfh,,,False,/r/ontariofishing/comments/q3yjfh/just_hooked_up_on_this_monster_muskie_i_couldnt/l8g0v9o/,restricted,False,t1_l8g0v9o,1718295288.0,,[],1718295288.0,r/ontariofishing,0,,,[],,,2024-06-13 12:14:48,,,
t5_2xdz5,,False,,False,,,1,,text,0,ontariofishing,,,,[],False,kzdvje7,,,0,False,,False,-xyRN-,False,True,t3_n8tsjf,1,t2_klac3jcl,,,,[],I‚Äôm heading to Pelee Island this summer for  some shore fishing. Any recommendations on rod and reel size?,[],,0,,False,False,[],False,"&lt;div class=""md""&gt;&lt;p&gt;I‚Äôm heading to Pelee Island this summer for  some shore fishing. Any recommendations on rod and reel size?&lt;/p&gt;
&lt;/div&gt;",{},,,False,False,False,t3_n8tsjf,,,False,/r/ontariofishing/comments/n8tsjf/looking_for_shore_fishing/kzdvje7/,restricted,False,t1_kzdvje7,1713017513.0,,[],1713017513.0,r/ontariofishing,0,,,[],,,2024-04-13 10:11:53,,,
t5_2xdz5,,False,,False,,,1,,text,0,ontariofishing,,,,[],False,jr1xxe5,,,0,False,,False,jonathandunlop,False,True,t3_m0sec4,1,t2_38403fai,,,,[],"Lake Ontario is not so clean, are the fish there safe to eat?",[],,0,,False,False,[],False,"&lt;div class=""md""&gt;&lt;p&gt;Lake Ontario is not so clean, are the fish there safe to eat?&lt;/p&gt;
&lt;/div&gt;",{},,,False,True,True,t3_m0sec4,,,False,/r/ontariofishing/comments/m0sec4/is_lake_ontario_belong_here_if_your_fishing_in/jr1xxe5/,restricted,False,t1_jr1xxe5,1688753364.0,,[],1688753364.0,r/ontariofishing,0,,,[],,,2023-07-07 14:09:24,,,
t5_2xdz5,,False,,False,,,1,,text,0,ontariofishing,,,,[],False,jezibxi,,,0,False,,True,tang0sucka,False,True,t3_u0vc8f,1,t2_z5auk,,,,[],I've been checked once and the pdf on phone was sufficient,[],,0,,False,False,[],False,"&lt;div class=""md""&gt;&lt;p&gt;I&amp;#39;ve been checked once and the pdf on phone was sufficient&lt;/p&gt;
&lt;/div&gt;",{},,,False,False,True,t3_u0vc8f,,,False,/r/ontariofishing/comments/u0vc8f/license_question/jezibxi/,restricted,False,t1_jezibxi,1680652116.0,,[],1680652116.0,r/ontariofishing,0,,,[],,,2023-04-04 19:48:36,,,
t5_2xdz5,,,,False,,,,,text,0,ontariofishing,,,,,,itt4gsv,,,0,False,,True,dnsinc,,True,t3_rtt80r,1,t2_qbioj,,,,[],Dont you have to use live bait sourced from the same waterbody you're fishing?,,,,,False,False,[],False,,{},,,False,False,True,t3_rtt80r,,,False,/r/ontariofishing/comments/rtt80r/rosy_red_minnows_from_petsmart/itt4gsv/,restricted,False,t1_itt4gsv,,,[],1666752079.0,r/ontariofishing,0,,,,,,2022-10-25 22:41:19,1441843896.0,1667889451.0,
t5_2xdz5,,,,False,,,,,text,0,ontariofishing,,,,,,its7czj,,,0,False,,True,KenKefery,,True,t1_i4u9mc9,1,t2_qomaoxl2,,,,[],"rail is a good option, have taken the bud train out of Chapleau so if it is similar no gear limit, canoe is doable, propane could be an issue if you were taking any, sounds like a blast",,,,,False,False,[],False,,{},,,False,False,True,t3_t7z8ye,,,False,/r/ontariofishing/comments/t7z8ye/northern_ontario_lakes/its7czj/,restricted,False,t1_its7czj,,,[],1666736852.0,r/ontariofishing,0,,,,,,2022-10-25 18:27:32,1659206883.0,1667890823.0,
t5_2xdz5,,,,False,,,,,text,0,ontariofishing,,,,,,ioymp5j,,,0,False,,True,Elldog,,True,t1_hosf8oi,1,t2_di1j5,,,,[],"Really depends on the quality, I have had them last 3 + months in the fridge. Trick is not throwing any half worms back in the container. I threw a few oats in there no idea if it made a difference",,,,,False,False,[],False,,{},,,False,False,True,t3_rhetlj,,,False,/r/ontariofishing/comments/rhetlj/keeping_nightcrawlers/ioymp5j/,restricted,False,t1_ioymp5j,,,[],1663526848.0,r/ontariofishing,0,,,,,,2022-09-18 14:47:28,1381713330.0,1665027843.0,
t5_2xdz5,,,,False,,,,,text,0,ontariofishing,,,,,,il3yi36,,,0,False,,False,HerBeaverStinks69,,True,t3_iod414,1,t2_dw3o0wqv,,,,[],You‚Äôre measuring needs a touch up lol. World record crappie doesn‚Äôt even hit 20‚Äù. A 38‚Äù walleye would also contend for world record. The scale between the two suggests this is not an error with cm as it seems to be more than a 4 cm difference between the two. Either way nice fish‚Ä¶ but no need to push the size out of proportion like that,,,,,False,False,[],False,,{},,,False,False,True,t3_iod414,,,False,/r/ontariofishing/comments/iod414/crappie_34_a_walleye_38_under_a_bridge_in/il3yi36/,restricted,False,t1_il3yi36,,,[],1661027497.0,r/ontariofishing,0,,,,,,2022-08-20 16:31:37,1628857481.0,1662641558.0,
t5_2xdz5,,,,False,,,,,text,0,ontariofishing,,,,,,iiomc4u,,,0,False,,True,Ababro007,,True,t3_i868ld,1,t2_h3nuq4nh,,,,[],"It‚Äôs a beautiful resort, recommend going for like a week, best time to go would be the summer, they make custom packages, so it‚Äôs different for everyone",,,,,False,False,[],False,,{},,,False,False,True,t3_i868ld,,,False,/r/ontariofishing/comments/i868ld/wiley_pointtotem_resort_experience_looking_for/iiomc4u/,restricted,False,t1_iiomc4u,,,[],1659468426.0,r/ontariofishing,0,,,,,,2022-08-02 15:27:06,1638325188.0,1662769601.0,
t5_2xdz5,,,,False,,,,,text,0,ontariofishing,,,,,,i9dmk09,,,0,False,,True,Liam_C_G_E,,True,t3_q4r5ha,1,t2_imthxhnp,,,,[],That‚Äôs upsetting to hear.,,,,,False,False,[],False,,{},,,False,False,True,t3_q4r5ha,,,False,/r/ontariofishing/comments/q4r5ha/grass_carp_in_niagara_river/i9dmk09/,restricted,False,t1_i9dmk09,,,[],1653081845.0,r/ontariofishing,0,,,,,,2022-05-20 17:24:05,1642310601.0,1655421127.0,
t5_2xdz5,,,,False,,,,,text,0,ontariofishing,,,,,,i9dm80j,,,0,False,,True,Liam_C_G_E,,True,t3_rtt80r,1,t2_imthxhnp,,,,[],Nope. The new bait regulations are extremely well written and something like this would be illegal.,,,,,False,False,[],False,,{},,,False,False,True,t3_rtt80r,,,False,/r/ontariofishing/comments/rtt80r/rosy_red_minnows_from_petsmart/i9dm80j/,restricted,False,t1_i9dm80j,,,[],1653081690.0,r/ontariofishing,0,,,,,,2022-05-20 17:21:30,1642310601.0,1655421139.0,
t5_2xdz5,,,,False,,,,,text,0,ontariofishing,,,,,,i7ze3i6,,,0,False,,True,ulfhedinn13,,True,t3_u0vc8f,1,t2_jj9ngv7v,,,,[],"They have you on file either way. I keep a screenshot in my phone as well as hard copies but if you ever lied about having your license which I've done when I was young, they look up your name. Lol. If you have a license with your given ID name they ca  just bring it up in their system.",,,,,False,False,[],False,,{},,,False,False,True,t3_u0vc8f,,,False,/r/ontariofishing/comments/u0vc8f/license_question/i7ze3i6/,restricted,False,t1_i7ze3i6,,,[],1652138547.0,r/ontariofishing,0,,,,,,2022-05-09 19:22:27,1644448307.0,1655487472.0,
t5_2xdz5,,,,False,,,,,text,0,ontariofishing,,,,,,i7f8bd8,,,0,False,,True,KillerTaco18,,True,t1_i6yf8vi,1,t2_4fywk2m,,,,[],ahhh okok,,,,,False,False,[],False,,{},,,False,False,True,t3_orq2qb,,,False,/r/ontariofishing/comments/orq2qb/fly_fishing_for_creek_chub/i7f8bd8/,restricted,False,t1_i7f8bd8,,,[],1651757061.0,r/ontariofishing,0,,,,,,2022-05-05 09:24:21,1520187375.0,1655511107.0,
t5_2xdz5,,,,False,,,,,text,0,ontariofishing,,,,,,i6yf8vi,,,0,False,,True,macmuaythai,,True,t1_i6xvebx,1,t2_63wqxjzu,,,,[],Didn‚Äôt target it just happened to catch it while trying out the creek,,,,,False,False,[],True,,{},,,False,False,True,t3_orq2qb,,,False,/r/ontariofishing/comments/orq2qb/fly_fishing_for_creek_chub/i6yf8vi/,restricted,False,t1_i6yf8vi,,,[],1651442222.0,r/ontariofishing,0,,,,,,2022-05-01 17:57:02,1585885260.0,1655525096.0,
t5_2xdz5,,,,False,,,,,text,0,ontariofishing,,,,,,i6xvebx,,,0,False,,True,KillerTaco18,,True,t3_orq2qb,1,t2_4fywk2m,,,,[],i‚Äôve never seen anyone actually target creek chub,,,,,False,False,[],False,,{},,,False,False,True,t3_orq2qb,,,False,/r/ontariofishing/comments/orq2qb/fly_fishing_for_creek_chub/i6xvebx/,restricted,False,t1_i6xvebx,,,[],1651433493.0,r/ontariofishing,0,,,,,,2022-05-01 15:31:33,1520187375.0,1655525560.0,
t5_2xdz5,,,,False,,,,,text,0,ontariofishing,,,,,,i5wkria,,,0,False,,True,Appropriate-Spring20,,True,t3_grcdp1,2,t2_c5kq0hul,,,,[],What the ‚Ä¶ üò± never seen something like this. Wondering why they migrating?,,,,,False,False,[],False,,{},,,False,False,True,t3_grcdp1,,,False,/r/ontariofishing/comments/grcdp1/posted_today_thousands_of_small_catfish_migrating/i5wkria/,restricted,False,t1_i5wkria,,,[],1650737516.0,r/ontariofishing,0,,,,,,2022-04-23 14:11:56,1621136536.0,1655557474.0,
t5_2xdz5,,,,False,,,,,text,0,ontariofishing,,,,,,i4u9xrk,,,0,False,,True,Late_Initiative_6641,,True,t3_u0vc8f,1,t2_fmkw9zxc,,,,[],"Yes, the digital copy on your phone is sufficient.  I definitely read that on the website somewhere.  Grindle Guts is right‚Ä¶.I‚Äôve been fishing 30 years and never been checked.",,,,,False,False,[],False,,{},,,False,False,True,t3_u0vc8f,,,False,/r/ontariofishing/comments/u0vc8f/license_question/i4u9xrk/,restricted,False,t1_i4u9xrk,,,[],1650035742.0,r/ontariofishing,0,,,,,,2022-04-15 11:15:42,1634592247.0,1655589926.0,
t5_2xdz5,,,,False,,,,,text,0,ontariofishing,,,,,,i4u9mc9,,,0,False,,False,Late_Initiative_6641,,True,t3_t7z8ye,1,t2_fmkw9zxc,,,,[],"Hey, so after some back and forth with MNR I‚Äôve got an answer.  Yes I can indeed fish there, however, getting to the lake is another story.  The logging road that I was planning on taking to get close to the lake is closed during the exact same time walleye is open.  Lol. Go figure eh. 

In order for me to legally reach the lake, it would have to be by rail, plane or a historical route with a canoe.  The route is ridiculously far to travel and makes the trip way to long. 

I‚Äôve scrapped that plan and am going to fish somewhere else.",,,,,False,False,[],True,,{},,,False,False,True,t3_t7z8ye,,,False,/r/ontariofishing/comments/t7z8ye/northern_ontario_lakes/i4u9mc9/,restricted,False,t1_i4u9mc9,,,[],1650035607.0,r/ontariofishing,0,,,,,,2022-04-15 11:13:27,1634592247.0,1655589935.0,
t5_2xdz5,,,,False,,,,,text,0,ontariofishing,,,,,,i4cw3v7,,,0,False,,True,grindle-guts,,True,t3_u0vc8f,2,t2_wf1ul,,,,[],"PDF on your phone is supposed to be fine. Unfortunately, your chances of being checked by either of the conservation officers in the province are incredibly low anyway.",,,,,False,False,[],False,,{},,,False,False,True,t3_u0vc8f,,,False,/r/ontariofishing/comments/u0vc8f/license_question/i4cw3v7/,restricted,False,t1_i4cw3v7,,,[],1649719304.0,r/ontariofishing,0,,,,,,2022-04-11 19:21:44,1458084792.0,1655605749.0,
t5_2xdz5,,,,False,,,,,text,0,ontariofishing,,,,,,i4ct2e4,,,0,False,,True,Bibby_M,,True,t3_u0vc8f,2,t2_2hbeoi69,,,,[],"Be safe, print it out and carry the paper with you.",,,,,False,False,[],False,,{},,,False,False,True,t3_u0vc8f,,,False,/r/ontariofishing/comments/u0vc8f/license_question/i4ct2e4/,restricted,False,t1_i4ct2e4,,,[],1649717988.0,r/ontariofishing,0,,,,,,2022-04-11 18:59:48,1540527913.0,1655605826.0,
t5_2xdz5,,,,False,,,,,text,0,ontariofishing,,,,,,i3mw2zb,,,0,False,,False,grindle-guts,,True,t3_t7z8ye,1,t2_wf1ul,,,,[],You have as much right to be there as anyone else. Give other anglers their space and have fun.,,,,,False,False,[],False,,{},,,False,False,True,t3_t7z8ye,,,False,/r/ontariofishing/comments/t7z8ye/northern_ontario_lakes/i3mw2zb/,restricted,False,t1_i3mw2zb,,,[],1649258264.0,r/ontariofishing,0,,,,,,2022-04-06 11:17:44,1458084792.0,1655628626.0,
t5_2xdz5,,,,False,,,,,text,0,ontariofishing,,,,,,i3mvyyt,,,0,False,,True,grindle-guts,,True,t3_t7z8ye,1,t2_wf1ul,,,,[],You have as much right to be on that lake as anyone else. Normal etiquette applies ‚Äî give other anglers their space.,,,,,False,False,[],False,,{},,,False,False,True,t3_t7z8ye,,,False,/r/ontariofishing/comments/t7z8ye/northern_ontario_lakes/i3mvyyt/,restricted,False,t1_i3mvyyt,,,[],1649258220.0,r/ontariofishing,0,,,,,,2022-04-06 11:17:00,1458084792.0,1655628629.0,
t5_2xdz5,,,,False,,,,,text,0,ontariofishing,,,,,,i1u700q,,,0,False,,True,Novel_Company_5867,,True,t3_tinsl4,1,t2_8d8s7tcp,,,,[],"Thanks folks... that video was 20 years ago. I was only half joking at the time when I thought it looked like a catfish. Good guess I suppose! I had no idea there were catfish where I am. Only sunfish, bass, perch and pike.",,,,,False,False,[],True,,{},,,False,False,True,t3_tinsl4,,,False,/r/ontariofishing/comments/tinsl4/strange_fish_in_muskoka_area_w_video/i1u700q/,restricted,False,t1_i1u700q,,,[],1648065218.0,r/ontariofishing,0,,,,,,2022-03-23 15:53:38,1616152025.0,1655711077.0,
t5_2xdz5,,,,False,,,,,text,0,ontariofishing,,,,,,i1ilgv3,,,0,False,,True,kshick91,,True,t3_tinsl4,1,t2_a62b2oxu,,,,[],looks to be catfish,,,,,False,False,[],False,,{},,,False,False,True,t3_tinsl4,,,False,/r/ontariofishing/comments/tinsl4/strange_fish_in_muskoka_area_w_video/i1ilgv3/,restricted,False,t1_i1ilgv3,,,[],1647860529.0,r/ontariofishing,0,,,,,,2022-03-21 07:02:09,1612440959.0,1655723006.0,
t5_2xdz5,,,,False,,,,,text,0,ontariofishing,,,,,,i1ge2fl,,,0,False,,True,Otherwise-Dig-4230,,True,t3_tinsl4,1,t2_7j661gha,,,,[],Catfish,,,,,False,False,[],False,,{},,,False,False,True,t3_tinsl4,,,False,/r/ontariofishing/comments/tinsl4/strange_fish_in_muskoka_area_w_video/i1ge2fl/,restricted,False,t1_i1ge2fl,,,[],1647812820.0,r/ontariofishing,0,,,,,,2022-03-20 17:47:00,1596419018.0,1655725274.0,
t5_2xdz5,,,,False,,,,,text,0,ontariofishing,,,,,,i1fozbe,,,0,False,,True,Suncheets,,True,t3_tinsl4,2,t2_10hu93,,,,[],Looks like a baby bullhead catfish,,,,,False,False,[],False,,{},,,False,False,True,t3_tinsl4,,,False,/r/ontariofishing/comments/tinsl4/strange_fish_in_muskoka_area_w_video/i1fozbe/,restricted,False,t1_i1fozbe,,,[],1647802103.0,r/ontariofishing,0,,,,,,2022-03-20 14:48:23,1471190681.0,1655725980.0,
t5_2xdz5,,,,False,,,,,text,0,ontariofishing,,,,,,hzsou6p,,,0,False,,True,badatthecraft93,,True,t3_t7z8ye,2,t2_5w52f87f,,,,[],"Not sure 100% but if it‚Äôs crown land I think your good to go, just make sure to stay off his property. Besides that, just try and be respectful (I‚Äôm sure you were going to anyways) and don‚Äôt be a bother, if you do there shouldn‚Äôt be an issue I don‚Äôt think",,,,,False,False,[],False,,{},,,False,False,True,t3_t7z8ye,,,False,/r/ontariofishing/comments/t7z8ye/northern_ontario_lakes/hzsou6p/,restricted,False,t1_hzsou6p,,,[],1646712054.0,r/ontariofishing,0,,,,,,2022-03-07 23:00:54,1604679797.0,1655783653.0,
t5_2xdz5,,,,False,,,,,text,0,ontariofishing,,,,,,hzhzkmx,,,0,False,,False,HamsterEquivalent583,,True,t1_ha0l1ck,2,t2_8qqchwrt,,,,[],ER doc did exactly that for me. Took about 5-6 good yanks though.,,,,,False,False,[],False,,{},,,False,False,True,t3_p9lojs,,,False,/r/ontariofishing/comments/p9lojs/well_it_finally_happened/hzhzkmx/,restricted,False,t1_hzhzkmx,,,[],1646516159.0,r/ontariofishing,0,,,,,,2022-03-05 16:35:59,1604431905.0,1655793621.0,
t5_2xdz5,,,,False,,,,,text,0,ontariofishing,,,,,,hzhz94w,,,0,False,,True,HamsterEquivalent583,,True,t3_rtt80r,1,t2_8qqchwrt,,,,[],"I‚Äôd think so‚Ä¶ but maybe do as above suggests, ping the MNR. Curious to know the outcome too. :)",,,,,False,False,[],False,,{},,,False,False,True,t3_rtt80r,,,False,/r/ontariofishing/comments/rtt80r/rosy_red_minnows_from_petsmart/hzhz94w/,restricted,False,t1_hzhz94w,,,[],1646516016.0,r/ontariofishing,0,,,,,,2022-03-05 16:33:36,1604431905.0,1655793629.0,
t5_2xdz5,,,,False,,,,,text,0,ontariofishing,,,,,,hqwcdzp,,,0,False,,True,Charming_Story_5018,,True,t3_rtt80r,1,t2_9p0vs3ei,,,,[],Call MNR it‚Äôs free,,,,,False,False,[],False,,{},,,False,False,True,t3_rtt80r,,,False,/r/ontariofishing/comments/rtt80r/rosy_red_minnows_from_petsmart/hqwcdzp/,public,False,t1_hqwcdzp,,,[],1641098785.0,r/ontariofishing,0,,,,,,2022-01-01 23:46:25,1612278049.0,1645567206.0,
t5_2xdz5,,,,False,,,,,text,0,ontariofishing,,,,,,hosf8oi,,,0,False,,True,Extinguisher312,,True,t1_hoqh32m,1,t2_a7ati,,,,[],Ok thank you!,,,,,False,False,[],True,,{},,,False,False,True,t3_rhetlj,,,False,/r/ontariofishing/comments/rhetlj/keeping_nightcrawlers/hosf8oi/,restricted,False,t1_hosf8oi,,,[],1639668146.0,r/ontariofishing,0,,,,,,2021-12-16 10:22:26,1358033514.0,1655895975.0,
t5_2xdz5,,,,False,,,,,text,0,ontariofishing,,,,,,hoqh32m,,,0,False,,True,Immense_Potato,,True,t3_rhetlj,2,t2_1vw1qifk,,,,[],"You should be using them within a few days of purchasing them. They will die and smell awful(and by extension, your fridge will smell as well). 

It‚Äôs bad.",,,,,False,False,[],False,,{},,,False,False,True,t3_rhetlj,,,False,/r/ontariofishing/comments/rhetlj/keeping_nightcrawlers/hoqh32m/,restricted,False,t1_hoqh32m,,,[],1639625249.0,r/ontariofishing,0,,,,,,2021-12-15 22:27:29,1532971723.0,1655897626.0,
t5_2xdz5,,,,False,,,,,text,0,ontariofishing,,,,,,hoq5pm6,,,0,False,,False,Suncheets,,True,t3_rhetlj,2,t2_10hu93,,,,[],I've kept nightcrawlers in the fridge for months in the past but that's about the only tip I've got,,,,,False,False,[],False,,{},,,False,False,True,t3_rhetlj,,,False,/r/ontariofishing/comments/rhetlj/keeping_nightcrawlers/hoq5pm6/,restricted,False,t1_hoq5pm6,,,[],1639620223.0,r/ontariofishing,0,,,,,,2021-12-15 21:03:43,1471190681.0,1655897895.0,
t5_2xdz5,,,,False,,,,,text,0,ontariofishing,,,,,,hol5w3y,,,0,False,,True,Bullybass,,True,t3_rgaves,1,t2_4f83gwff,,,,[],Both walleye. And real nice ones!,,,,,False,False,[],False,,{},,,False,False,True,t3_rgaves,,,False,/r/ontariofishing/comments/rgaves/yesterday_was_needless_to_say_the_one_of_the/hol5w3y/,restricted,False,t1_hol5w3y,,,[],1639531559.0,r/ontariofishing,0,,,,,,2021-12-14 20:25:59,1610247503.0,1655902241.0,
t5_2xdz5,,,,False,,,,,,0,ontariofishing,,,,,,hol5ozp,,,0,False,,False,[deleted],,True,t1_hol23bc,1,,,,,[],[deleted],,,,,,False,,False,,{},,,False,,True,t3_rgaves,,dark,False,/r/ontariofishing/comments/rgaves/yesterday_was_needless_to_say_the_one_of_the/hol5ozp/,restricted,False,t1_hol5ozp,,,[],1639531469.0,r/ontariofishing,0,,,,,,2021-12-14 20:24:29,,1655902246.0,
t5_2xdz5,,,,False,,,,,text,0,ontariofishing,,,,,,hol23bc,,,0,False,,False,Guitargod12345,,True,t1_hol1z4r,1,t2_5b2r2bjc,,,,[],Fins look different too.,,,,,False,False,[],False,,{},,,False,False,True,t3_rgaves,,,False,/r/ontariofishing/comments/rgaves/yesterday_was_needless_to_say_the_one_of_the/hol23bc/,restricted,False,t1_hol23bc,,,[],1639529820.0,r/ontariofishing,0,,,,,,2021-12-14 19:57:00,1578394347.0,1655902335.0,
t5_2xdz5,,,,False,,,,,,0,ontariofishing,,,,,,hol21y5,,,0,False,,True,[deleted],,True,t3_rgaves,1,,,,,[],[deleted],,,,,,False,,False,,{},,,False,,True,t3_rgaves,,dark,False,/r/ontariofishing/comments/rgaves/yesterday_was_needless_to_say_the_one_of_the/hol21y5/,restricted,False,t1_hol21y5,,,[],1639529802.0,r/ontariofishing,0,,,,,,2021-12-14 19:56:42,,1655902337.0,
t5_2xdz5,,,,False,,,,,text,0,ontariofishing,,,,,,hol1z4r,,,0,False,,True,Guitargod12345,,True,t1_hol1pnd,1,t2_5b2r2bjc,,,,[],"Left one looks like bass, large Jaw, no teeth. Could be wrong, just curious.",,,,,False,False,[],False,,{},,,False,False,True,t3_rgaves,,,False,/r/ontariofishing/comments/rgaves/yesterday_was_needless_to_say_the_one_of_the/hol1z4r/,restricted,False,t1_hol1z4r,,,[],1639529765.0,r/ontariofishing,0,,,,,,2021-12-14 19:56:05,1578394347.0,1655902339.0,
t5_2xdz5,,,,False,,,,,text,0,ontariofishing,,,,,,hol1pnd,,,0,False,,True,roelof1983,,True,t1_hokz870,1,t2_83gz8r56,,,,[],"They are. However, I'm pretty sure those are Walleye and they are in season until December 31st.",,,,,False,False,[],False,,{},,,False,False,True,t3_rgaves,,,False,/r/ontariofishing/comments/rgaves/yesterday_was_needless_to_say_the_one_of_the/hol1pnd/,restricted,False,t1_hol1pnd,,,[],1639529642.0,r/ontariofishing,0,,,,,,2021-12-14 19:54:02,1600136739.0,1655902345.0,
t5_2xdz5,,,,False,,,,,text,0,ontariofishing,,,,,,hokz870,,,0,False,,False,Guitargod12345,,True,t3_rgaves,1,t2_5b2r2bjc,,,,[],Aren't bass out of season?,,,,,False,False,[],False,,{},,,False,False,True,t3_rgaves,,,False,/r/ontariofishing/comments/rgaves/yesterday_was_needless_to_say_the_one_of_the/hokz870/,restricted,False,t1_hokz870,,,[],1639528503.0,r/ontariofishing,0,,,,,,2021-12-14 19:35:03,1578394347.0,1655902407.0,
t5_2xdz5,,,,False,,,,,text,0,ontariofishing,,,,,,hlchtew,,,0,False,,True,Dalyfishing,,True,t1_hlcd70s,1,t2_cn7sc82p,,,,[],Georgian Bay,,,,,False,False,[],True,,{},,,False,False,True,t3_qxtd14,,,False,/r/ontariofishing/comments/qxtd14/after_an_amazing_day_out_on_the_water_ended_up/hlchtew/,public,False,t1_hlchtew,,,[],1637380383.0,r/ontariofishing,0,,,,,,2021-11-19 22:53:03,1623344970.0,1645966496.0,
t5_2xdz5,,,,False,,,,,text,0,ontariofishing,,,,,,hlcd70s,,,0,False,,True,nthensome,,True,t3_qxtd14,1,t2_4h861,,,,[],"Great job, bro

What lake were you on?",,,,,False,False,[],False,,{},,,False,False,True,t3_qxtd14,,,False,/r/ontariofishing/comments/qxtd14/after_an_amazing_day_out_on_the_water_ended_up/hlcd70s/,public,False,t1_hlcd70s,,,[],1637377919.0,r/ontariofishing,0,,,,,,2021-11-19 22:11:59,1288517038.0,1645966766.0,
t5_2xdz5,,,,False,,,,,,0,ontariofishing,,,,,,hjlc1rk,,,0,False,,True,[deleted],,True,t3_q85jmt,1,,,,,[],[deleted],,,,,,False,,False,,{},,,False,,True,t3_q85jmt,,dark,False,/r/ontariofishing/comments/q85jmt/fishing_bayfield/hjlc1rk/,public,False,t1_hjlc1rk,,,[],1636230370.0,r/ontariofishing,0,,,,,,2021-11-06 16:26:10,,1646102501.0,
t5_2xdz5,,,,False,,,,,text,0,ontariofishing,,,,,,hjlbrx6,,,0,False,,True,Hawkesyy,,True,t3_q4r5ha,2,t2_33ofexnh,,,,[],What a shame :(,,,,,False,False,[],False,,{},,,False,False,True,t3_q4r5ha,,,False,/r/ontariofishing/comments/q4r5ha/grass_carp_in_niagara_river/hjlbrx6/,public,False,t1_hjlbrx6,,,[],1636230247.0,r/ontariofishing,0,,,,,,2021-11-06 16:24:07,1552766999.0,1646102517.0,
t5_2xdz5,,,,False,,,,,text,0,ontariofishing,,,,,,hgr8bw8,,,0,False,,True,Few_Ad9113,,True,t1_hgq6rh8,1,t2_9apldcjt,,,,[],Thank you,,,,,False,False,[],True,,{},,,False,False,True,t3_q85jmt,,,False,/r/ontariofishing/comments/q85jmt/fishing_bayfield/hgr8bw8/,public,False,t1_hgr8bw8,,,[],1634315515.0,r/ontariofishing,0,,,,,,2021-10-15 12:31:55,1610418424.0,1647575738.0,
t5_2xdz5,,,,False,,,,,text,0,ontariofishing,,,,,,hgqysnm,,,0,False,,True,tontuella,,True,t3_q87073,1,t2_8it0v2nx,,,,[],Awesome,,,,,False,False,[],False,,{},,,False,False,True,t3_q87073,,,False,/r/ontariofishing/comments/q87073/the_northern_pike_is_a_species_of_carnivorous/hgqysnm/,public,False,t1_hgqysnm,,,[],1634311610.0,r/ontariofishing,0,,,,,,2021-10-15 11:26:50,1602968740.0,1647576324.0,
t5_2xdz5,,,,False,,,,,text,0,ontariofishing,,,,,,hgq6rh8,,,0,False,,True,GrannySchidt,,True,t3_q85jmt,1,t2_1r8dt46t,,,,[],"I've never been to the Bayfield river, just Maitland river which is a few kilometers north of Bayfield river but I guess the usual worms and maybe leeches? I'm really unsure, there could still be some smallmouth in the river. Just giving you my 2 cents, sorry.",,,,,False,False,[],False,,{},,,False,False,True,t3_q85jmt,,,False,/r/ontariofishing/comments/q85jmt/fishing_bayfield/hgq6rh8/,public,False,t1_hgq6rh8,,,[],1634297976.0,r/ontariofishing,0,,,,,,2021-10-15 07:39:36,1531373948.0,1647578043.0,
t5_2xdz5,,,,False,,,,,text,0,ontariofishing,,,,,,hfvcsy6,,,0,False,,True,kshick91,,True,t3_q3yjfh,2,t2_a62b2oxu,,,,[],beauty fish. Was out on balsam lake 2 weeks ago and my buddy hooked a nice one as well! Amazing fun.,,,,,False,False,[],False,,{},,,False,False,True,t3_q3yjfh,,,False,/r/ontariofishing/comments/q3yjfh/just_hooked_up_on_this_monster_muskie_i_couldnt/hfvcsy6/,public,False,t1_hfvcsy6,,,[],1633710400.0,r/ontariofishing,0,,,,,,2021-10-08 12:26:40,1612440959.0,1647645431.0,
t5_2xdz5,,,,False,,,,,text,0,ontariofishing,,,,,,he1zpe6,,,0,False,,False,swipeszizbak,,True,t3_p2gxmu,2,t2_8fn0e6re,,,,[],nice catch!,,,,,False,False,[],False,,{},,,False,False,True,t3_p2gxmu,,,False,/r/ontariofishing/comments/p2gxmu/landed_this_guy_earlier_without_a_leader_took_my/he1zpe6/,public,False,t1_he1zpe6,,,[],1632458727.0,r/ontariofishing,0,,,,,,2021-09-24 00:45:27,1602421174.0,1647788425.0,
t5_2xdz5,,,,False,,,,,text,0,ontariofishing,,,,,,hbyhoxp,,,0,False,,True,kshick91,,True,t3_pjp4gq,1,t2_a62b2oxu,,,,[],"I fish the french all the time and never target those areas. Like JM said fish weed edges structure, drop offs and sand bars. You can troll some of the deeper waters 50ft or so for walleye also. Those way downt there could very well also be sturgeon which you arent suppose to target.",,,,,False,False,[],False,,{},,,False,False,True,t3_pjp4gq,,,False,/r/ontariofishing/comments/pjp4gq/fishing_the_french_river/hbyhoxp/,restricted,False,t1_hbyhoxp,,,[],1631037269.0,r/ontariofishing,0,,,,,,2021-09-07 13:54:29,1612440959.0,1650271233.0,
t5_2xdz5,,,,False,,,,,text,0,ontariofishing,,,,,,hbybthe,,,0,False,,True,JMFishing83,,True,t3_pjp4gq,1,t2_j6rejbn,,,,[],"Depends what fish you are targeting. You are most likely better off targeting the shorelines/weeds/drop offs leading into deeper water for bass/pike and walleye. If your marking fish in 100 ft, is it on bottom? Could possibly be whitefish or herring? I dont know for sure. If you want to target whatever they are, yeah you will need more line for sure, and just jig a spoon or a weighted swim bait using your fish finder and see if anything follows Also, drifting those larger holes where you are marking fish with a large weight and minnow and see what happens‚Ä¶",,,,,False,False,[],False,,{},,,False,False,True,t3_pjp4gq,,,False,/r/ontariofishing/comments/pjp4gq/fishing_the_french_river/hbybthe/,restricted,False,t1_hbybthe,,,[],1631034853.0,r/ontariofishing,0,,,,,,2021-09-07 13:14:13,1509372166.0,1650271751.0,
t5_2xdz5,,,,False,,,,,text,0,ontariofishing,,,,,,hbxv7xl,,,0,False,,False,Dash_Rendar425,,True,t3_p9lojs,1,t2_wi8rr,,,,[],"Oh man, I came close this weekend too.
Luckily my calloused hands prevented it from being much worse and it only went in 3cms.",,,,,False,False,[],False,,{},,,False,False,True,t3_p9lojs,,,False,/r/ontariofishing/comments/p9lojs/well_it_finally_happened/hbxv7xl/,restricted,False,t1_hbxv7xl,,,[],1631028052.0,r/ontariofishing,0,,,,,,2021-09-07 11:20:52,1458391878.0,1650273265.0,
t5_2xdz5,,,,False,,,,,text,0,ontariofishing,,,,,,ha8gla3,,,0,False,,True,Five_Dollar_Dream,,True,t3_p9lojs,1,t2_a0rl5usi,,,,[],"I have 2 autistic kids. #1 reason I clip the barbs as soon as I buy hooks. I am glad it was thumb. I imagine a cheek. Regardless, I hope it heals quick.",,,,,False,False,[],False,,{},,,False,False,True,t3_p9lojs,,,False,/r/ontariofishing/comments/p9lojs/well_it_finally_happened/ha8gla3/,restricted,False,t1_ha8gla3,,,[],1629852870.0,r/ontariofishing,0,,,,,,2021-08-24 20:54:30,1611763925.0,1650542457.0,
t5_2xdz5,,,,False,,,,,text,0,ontariofishing,,,,,,ha0v9i1,,,0,False,,False,kshick91,,True,t1_ha0v0c2,1,t2_a62b2oxu,,,,[],"Nightmare....glad its out though. Bound to happen at some point. Funny enough I got hooked in a similar way....hook caught in father in laws belt, figured I'd try and help.",,,,,False,False,[],False,,{},,,False,False,True,t3_p9lojs,,,False,/r/ontariofishing/comments/p9lojs/well_it_finally_happened/ha0v9i1/,restricted,False,t1_ha0v9i1,,,[],1629721030.0,r/ontariofishing,0,,,,,,2021-08-23 08:17:10,1612440959.0,1650574590.0,
t5_2xdz5,,,,False,,,,,text,0,ontariofishing,,,,,,ha0v0c2,,,0,False,,True,southpaw04,,True,t1_ha0l1ck,1,t2_11lpxg,,,,[],"The doc in emerg tried this but no luck, she also tried to cut the entry a bit to pull it out and no dice to, apparently I have thick skin because she said it was hard to poke back through to cut the barb off.",,,,,False,False,[],True,,{},,,False,False,True,t3_p9lojs,,,False,/r/ontariofishing/comments/p9lojs/well_it_finally_happened/ha0v0c2/,restricted,False,t1_ha0v0c2,,,[],1629720880.0,r/ontariofishing,0,,,,,,2021-08-23 08:14:40,1474598788.0,1650574622.0,
t5_2xdz5,,,,False,,,,,text,0,ontariofishing,,,,,,ha0l1ck,,,0,False,,True,kshick91,,True,t3_p9lojs,2,t2_a62b2oxu,,,,[],"Yikes. Easy tip, for next time. Wrap some line around the hook closest to your skin, pull on the line so the barb can have some play in your hand (pulling so it relieves pressure on the barb) and then yank with pliers. Works like a charm and the hot sweats can go away! 

&amp;#x200B;

  Hope it worked out for you.",,,,,False,False,[],False,,{},,,False,False,True,t3_p9lojs,,,False,/r/ontariofishing/comments/p9lojs/well_it_finally_happened/ha0l1ck/,restricted,False,t1_ha0l1ck,,,[],1629713901.0,r/ontariofishing,0,,,,,,2021-08-23 06:18:21,1612440959.0,1650575923.0,
t5_2xdz5,,,,False,,,,,text,0,ontariofishing,,,,,,h9yjdba,,,0,False,,True,southpaw04,,True,t3_p9lojs,2,t2_11lpxg,,,,[],I wasn‚Äôt even fishing. My neighbours 6 year old came over to show my boys his tacklebox. Well he ended up getting an ice rap stuck in his sweater. I started cutting it out of him and then he flinched and this happened,,,,,False,False,[],True,,{},,,False,False,True,t3_p9lojs,,,False,/r/ontariofishing/comments/p9lojs/well_it_finally_happened/h9yjdba/,restricted,False,t1_h9yjdba,,,[],1629668904.0,r/ontariofishing,0,,,,,,2021-08-22 17:48:24,1474598788.0,1650585417.0,
t5_2xdz5,,,,False,,,,,text,0,ontariofishing,,,,,,h8sap2n,,,0,False,,True,D1rtyD4nc3r,,True,t1_h8ptacf,1,t2_bps6xipm,,,,[],"Tommy Thompson Park, zone 14 I think? It's a marshy area there, I have cords exactly where I landed her. Saw monster carp in there too in about 2-3 feet of water near the bank, but I don't target them. 
CORDS. 43.633372 - 79.328930",,,,,False,False,[],True,,{},,,False,False,True,t3_p2gxmu,,,False,/r/ontariofishing/comments/p2gxmu/landed_this_guy_earlier_without_a_leader_took_my/h8sap2n/,restricted,False,t1_h8sap2n,,,[],1628864242.0,r/ontariofishing,0,,,,,,2021-08-13 10:17:22,1619185957.0,1651692395.0,
t5_2xdz5,,,,False,,,,,text,0,ontariofishing,,,,,,h8ptacf,,,0,False,,True,Designer_Taste_6841,,True,t3_p2gxmu,1,t2_7f7igxk2,,,,[],where did u catch it,,,,,False,False,[],False,,{},,,False,False,True,t3_p2gxmu,,,False,/r/ontariofishing/comments/p2gxmu/landed_this_guy_earlier_without_a_leader_took_my/h8ptacf/,restricted,False,t1_h8ptacf,,,[],1628810199.0,r/ontariofishing,0,,,,,,2021-08-12 19:16:39,1595784814.0,1651697623.0,
t5_2xdz5,,,,False,,,,,text,0,ontariofishing,,,,,,h8luttt,,,0,False,,True,D1rtyD4nc3r,,True,t1_h8lqih2,1,t2_bps6xipm,,,,[],Whatever you want to call it. Have a good night.,,,,,False,False,[],True,,{},,,False,False,True,t3_p2gxmu,,,False,/r/ontariofishing/comments/p2gxmu/landed_this_guy_earlier_without_a_leader_took_my/h8luttt/,restricted,False,t1_h8luttt,,,[],1628730564.0,r/ontariofishing,0,,,,,,2021-08-11 21:09:24,1619185957.0,1651705942.0,
t5_2xdz5,,,,False,,,,,text,0,ontariofishing,,,,,,h8lqih2,,,0,False,,True,sonlovesbrolicky,,True,t1_h8lmqqw,2,t2_4e0tjcnf,,,,[],"No, ensuring that the fish is being respected and not neglected. That doesn't mean I wanted to cause a problem. Enjoy your evening.",,,,,False,False,[],False,,{},,,False,False,True,t3_p2gxmu,,,False,/r/ontariofishing/comments/p2gxmu/landed_this_guy_earlier_without_a_leader_took_my/h8lqih2/,restricted,False,t1_h8lqih2,,,[],1628728526.0,r/ontariofishing,0,,,,,,2021-08-11 20:35:26,1572530989.0,1651706169.0,
t5_2xdz5,,,,False,,,,,text,0,ontariofishing,,,,,,h8lmqqw,,,0,False,,False,D1rtyD4nc3r,,True,t1_h8lmkud,2,t2_bps6xipm,,,,[],"You know exactly why you asked, because you wanted to cause a problem.",,,,,False,False,[],True,,{},,,False,False,True,t3_p2gxmu,,,False,/r/ontariofishing/comments/p2gxmu/landed_this_guy_earlier_without_a_leader_took_my/h8lmqqw/,restricted,False,t1_h8lmqqw,,,[],1628726757.0,r/ontariofishing,0,,,,,,2021-08-11 20:05:57,1619185957.0,1651706528.0,
t5_2xdz5,,,,False,,,,,text,0,ontariofishing,,,,,,h8lmkud,,,0,False,,True,sonlovesbrolicky,,True,t1_h8lmhru,1,t2_4e0tjcnf,,,,[],Just asking. Why else?,,,,,False,False,[],False,,{},,,False,False,True,t3_p2gxmu,,,False,/r/ontariofishing/comments/p2gxmu/landed_this_guy_earlier_without_a_leader_took_my/h8lmkud/,restricted,False,t1_h8lmkud,,,[],1628726682.0,r/ontariofishing,0,,,,,,2021-08-11 20:04:42,1572530989.0,1651706547.0,
t5_2xdz5,,,,False,,,,,text,0,ontariofishing,,,,,,h8lmhru,,,0,False,,False,D1rtyD4nc3r,,True,t1_h8lmd3h,1,t2_bps6xipm,,,,[],"To keep it, why else?",,,,,False,False,[],True,,{},,,False,False,True,t3_p2gxmu,,,False,/r/ontariofishing/comments/p2gxmu/landed_this_guy_earlier_without_a_leader_took_my/h8lmhru/,restricted,False,t1_h8lmhru,,,[],1628726642.0,r/ontariofishing,0,,,,,,2021-08-11 20:04:02,1619185957.0,1651706555.0,
t5_2xdz5,,,,False,,,,,text,0,ontariofishing,,,,,,h8lmd3h,,,0,False,,True,sonlovesbrolicky,,True,t3_p2gxmu,1,t2_4e0tjcnf,,,,[],Why'd you bring him up into the grass?,,,,,False,False,[],False,,{},,,False,False,True,t3_p2gxmu,,,False,/r/ontariofishing/comments/p2gxmu/landed_this_guy_earlier_without_a_leader_took_my/h8lmd3h/,restricted,False,t1_h8lmd3h,,,[],1628726582.0,r/ontariofishing,0,,,,,,2021-08-11 20:03:02,1572530989.0,1651706561.0,
t5_2xdz5,,,,False,,,,,text,0,ontariofishing,,,,,,h8jw290,,,0,False,,True,D1rtyD4nc3r,,True,t3_n8tsjf,1,t2_bps6xipm,,,,[],Head to Tommy Thompson Park at the very end of Leslie street. I pull slab smallies and pike out of there on a regular.,,,,,False,False,[],False,,{},,,False,False,True,t3_n8tsjf,,,False,/r/ontariofishing/comments/n8tsjf/looking_for_shore_fishing/h8jw290/,restricted,False,t1_h8jw290,,,[],1628700077.0,r/ontariofishing,0,,,,,,2021-08-11 12:41:17,1619185957.0,1651710558.0,
t5_2xdz5,,,,False,,,,,text,0,ontariofishing,,,,,,h6og2td,,,0,False,,True,TOAD_v,,True,t3_mnrolo,1,t2_abe5xufl,,,,[],"No, however if you go to the MNR website and purchase a replacement outdoors card after you‚Äôve paid for the fishing license I believe it will display all of your credentials on the reverse side ie. fishing, small game licenses etc. That‚Äôs what I did last year and it was all displayed. Results may very.",,,,,False,False,[],False,,{},,,False,False,True,t3_mnrolo,,,False,/r/ontariofishing/comments/mnrolo/outdoor_card_and_fishing_license_question/h6og2td/,restricted,False,t1_h6og2td,,,[],1627366894.0,r/ontariofishing,0,,,,,,2021-07-27 02:21:34,1626545112.0,1652494725.0,
t5_2xdz5,,False,,False,,,,,text,0,ontariofishing,,,,,,h3dp2s2,,,0,False,,True,JMFishing83,,True,t3_o7pdj7,1,t2_j6rejbn,,,,[],"Hit the shorelines, should be some smallmouth and largemouth bass around.  Big Musky lurking around as well. Just work the first drop off/weedline form the shore using minnows baits or plastic worms/tube jigs...",,,,,False,False,[],False,,{},,,False,False,True,t3_o7pdj7,,,False,/r/ontariofishing/comments/o7pdj7/anyone_has_any_experience_around_balsam_lake/h3dp2s2/,public,False,t1_h3dp2s2,,,[],1624923232.0,,0,,,,,,2021-06-28 19:33:52,1509372166.0,,1627583432.0
t5_2xdz5,,False,,False,,,,,text,0,ontariofishing,,,,,,h38fdus,,,0,False,,True,altruisticsapper,,True,t3_o8vrsf,2,t2_cyy877o8,,,,[],Bobber fishing is the best way to start kids fishing I find,,,,,False,False,[],False,,{},,,False,False,True,t3_o8vrsf,,,False,/r/ontariofishing/comments/o8vrsf/cant_find_answer_for_this/h38fdus/,public,False,t1_h38fdus,,,[],1624816674.0,,0,,,,,,2021-06-27 13:57:54,1624812937.0,,1627599845.0
t5_2xdz5,,False,,False,,,,,text,0,ontariofishing,,,,,,h37vct1,,,0,False,,True,dawebman,,True,t1_h37uyvo,1,t2_1eufo8m3,,,,[],"Thanks, yeah, just want to expose her a bit to it and see what she thinks. Thanks for the help!",,,,,False,False,[],True,,{},,,False,False,True,t3_o8vrsf,,,False,/r/ontariofishing/comments/o8vrsf/cant_find_answer_for_this/h37vct1/,public,False,t1_h37vct1,,,[],1624806692.0,,0,,,,,,2021-06-27 11:11:32,1526872204.0,,1627600885.0
t5_2xdz5,,False,,False,,,,,text,0,ontariofishing,,,,,,h37uyvo,,,0,False,,True,JMFishing83,,True,t3_o8vrsf,2,t2_j6rejbn,,,,[],"You should be fine without a license for 30 min. License is only needed for adults anyway. If a COnservation Officer were to stop you (odds are that won‚Äôt happen), just tell him your daughter is fishing. If you do plan on fishing many more times with your daughter and you both will be fishing, just buy a license for the year. They are like 30 to 40 bucks for the year..",,,,,False,False,[],False,,{},,,False,False,True,t3_o8vrsf,,,False,/r/ontariofishing/comments/o8vrsf/cant_find_answer_for_this/h37uyvo/,public,False,t1_h37uyvo,,,[],1624806490.0,,0,,,,,,2021-06-27 11:08:10,1509372166.0,,1627600901.0
t5_2xdz5,,False,,False,,,,,text,0,ontariofishing,,,,,,h2suysw,,,0,False,,True,andrew538,,True,t3_o61z19,2,t2_3w3ru59a,,,,[],"Google a drop shot. This is a great method to catch smaller panfish like perch. Also I‚Äôve caught good size bass with this. Set up your rods like that for live bate. Worms are good. It‚Äôs a great method for children and beginners. 

You want your kids to catch fish to keep them interested",,,,,False,False,[],False,,{},,,False,False,True,t3_o61z19,,,False,/r/ontariofishing/comments/o61z19/new_to_this/h2suysw/,public,False,t1_h2suysw,,,[],1624475965.0,,0,,,,,,2021-06-23 15:19:25,1559709197.0,,1627630428.0
t5_2xdz5,,False,,False,,,,,text,0,ontariofishing,,,,,,h2r3i3d,,,0,False,,True,kshick91,,True,t3_o61z19,2,t2_a62b2oxu,,,,[],"Just go on out, enjoy it and dont put any pressure on catching. Nature, the sounds, the fresh air and the quiet. Some of the best parts of fishing! 

For somebody starting out id try to keep things simple and not over think it. Use a hook and worm/leach. You can either use it as is, or toss that bobber on a few feet up from your hook. Toss it and let it sit for a few min, if nothing recast and repeat.

Good luck and enojoy!",,,,,False,False,[],False,,{},,,False,False,True,t3_o61z19,,,False,/r/ontariofishing/comments/o61z19/new_to_this/h2r3i3d/,public,False,t1_h2r3i3d,,,[],1624442933.0,,0,,,,,,2021-06-23 06:08:53,1612440959.0,,1627633519.0
t5_2xdz5,,False,,False,,,,,text,0,ontariofishing,,,,,,h2fwkum,,,0,False,,True,MrBig0,,True,t1_h2dqe1y,1,t2_4qshm,,,,[],I saw some floating in the water in Lake Wilcox and the fish there mostly ignored them. Once or twice they tried the caterpillars and then spit them out and left them.,,,,,False,False,[],False,,{},,,False,False,True,t3_o3r1ay,,,False,/r/ontariofishing/comments/o3r1ay/anyone_tried_using_the_invasive_caterpillars_as/h2fwkum/,public,False,t1_h2fwkum,,,[],1624206065.0,,0,,,,,,2021-06-20 12:21:05,1295440284.0,,1627653797.0
t5_2xdz5,,False,,False,,,,,text,0,ontariofishing,,,,,,h2flk5b,,,0,False,,True,Aquarius119,,True,t3_o3r1ay,1,t2_89ynhv6p,,,,[],"Sounds like a great idea! We have plenty of these creepy crawlers in our area...let alone our backyard. 

Will have to give it a try sometime. I don‚Äôt see why this wouldn‚Äôt work",,,,,False,False,[],False,,{},,,False,False,True,t3_o3r1ay,,,False,/r/ontariofishing/comments/o3r1ay/anyone_tried_using_the_invasive_caterpillars_as/h2flk5b/,public,False,t1_h2flk5b,,,[],1624200371.0,,0,,,,,,2021-06-20 10:46:11,1601365397.0,,1627654380.0
t5_2xdz5,,False,,False,,,,,text,0,ontariofishing,,,,,,h2dqe1y,,,0,False,,True,Lardcak321,,True,t1_h2dfu79,1,t2_a34r52jj,,,,[],"apparently one guy tried and had no luck, but i think if we can find a way to get them to stick on a hook it‚Äôs worth a try.

ALSO WEAR GLOVES IF YOU TRY! (they‚Äôll give you a rash if you dont",,,,,False,False,[],True,,{},,,False,False,True,t3_o3r1ay,,,False,/r/ontariofishing/comments/o3r1ay/anyone_tried_using_the_invasive_caterpillars_as/h2dqe1y/,public,False,t1_h2dqe1y,,,[],1624150940.0,,0,,,,,,2021-06-19 21:02:20,1612064472.0,,1627657923.0
t5_2xdz5,,False,,False,,,,,text,0,ontariofishing,,,,,,h2dfu79,,,0,False,,True,Kart369,,True,t3_o3r1ay,1,t2_mw1ervz,,,,[],"No, but I wanna try now",,,,,False,False,[],False,,{},,,False,False,True,t3_o3r1ay,,,False,/r/ontariofishing/comments/o3r1ay/anyone_tried_using_the_invasive_caterpillars_as/h2dfu79/,public,False,t1_h2dfu79,,,[],1624144794.0,,0,,,,,,2021-06-19 19:19:54,1512243525.0,,1627658482.0
t5_2xdz5,,False,,False,,,,,text,0,ontariofishing,,,,,,h1zit4s,,,0,False,,True,kshick91,,True,t3_o12z52,1,t2_a62b2oxu,,,,[],Beautiful! Where abouts are you fishing?,,,,,False,False,[],False,,{},,,False,False,True,t3_o12z52,,,False,/r/ontariofishing/comments/o12z52/check_out_this_gator/h1zit4s/,public,False,t1_h1zit4s,,,[],1623861945.0,,0,,,,,,2021-06-16 12:45:45,1612440959.0,,1627688418.0
t5_2xdz5,,False,,False,,,,,text,0,ontariofishing,,,,,,h106use,,,0,False,,True,DeisEcks,,True,t3_numano,1,t2_4hoo9irb,,,,[],"If you could make it up to eastern Ontario/Algonquin, there is tons there. You could do park hopping on the way up, maybe even rent a canoe if you can.",,,,,False,False,[],False,,{},,,False,False,True,t3_numano,,,False,/r/ontariofishing/comments/numano/emergency_fishing_trip_need_help/h106use/,public,False,t1_h106use,,,[],1623135067.0,,0,,,,,,2021-06-08 02:51:07,1567272294.0,,1627750805.0
t5_2xdz5,,False,,False,,,,,text,0,ontariofishing,,,,,,h0yxt3w,,,0,False,,False,aeriox-phenomenon,,True,t1_h0y7s1i,1,t2_8krjcolw,,,,[],Good recommendation! Kinda far but I may just go for it,,,,,False,False,[],True,,{},,,False,False,True,t3_numano,,,False,/r/ontariofishing/comments/numano/emergency_fishing_trip_need_help/h0yxt3w/,public,False,t1_h0yxt3w,,,[],1623108830.0,,0,,,,,,2021-06-07 19:33:50,1603334570.0,,1627753174.0
t5_2xdz5,,False,,False,,,,,text,0,ontariofishing,,,,,,h0yvl0w,,,0,False,,True,GrannySchidt,,True,t3_numano,1,t2_1r8dt46t,,,,[],"Chatham or Goderich, bass season isn't open in Goderich but Pike, Drum and maybe trout are in. You can also get some good sucker fighting at the Falls Reserve.",,,,,False,False,[],False,,{},,,False,False,True,t3_numano,,,False,/r/ontariofishing/comments/numano/emergency_fishing_trip_need_help/h0yvl0w/,public,False,t1_h0yvl0w,,,[],1623107718.0,,0,,,,,,2021-06-07 19:15:18,1531373948.0,,1627753288.0
t5_2xdz5,,False,,False,,,,,text,0,ontariofishing,,,,,,h0y7s1i,,,0,False,,False,reversethrust,,True,t3_numano,2,t2_e43wv,,,,[],Temagami? That would be awesome.,,,,,False,False,[],False,,{},,,False,False,True,t3_numano,,,False,/r/ontariofishing/comments/numano/emergency_fishing_trip_need_help/h0y7s1i/,public,False,t1_h0y7s1i,,,[],1623096919.0,,0,,,,,,2021-06-07 16:15:19,1385671499.0,,1627754497.0
t5_2xdz5,,False,,False,,,,,text,0,ontariofishing,,,,,,h0u3bvr,,,0,False,,True,Edpc1980,,True,t3_ntrga6,1,t2_9l3sp05d,,,,[],?,,,,,False,False,[],False,,{},,,False,False,True,t3_ntrga6,,,False,/r/ontariofishing/comments/ntrga6/big_bass_out_of_london_on/h0u3bvr/,public,False,t1_h0u3bvr,,,[],1623013086.0,,0,,,,,,2021-06-06 16:58:06,1609417908.0,,1627762086.0
t5_2xdz5,,False,,False,,,,,text,0,ontariofishing,,,,,,h0tzg03,,,0,False,,True,milo616,,True,t3_ntrga6,1,t2_cvyqh,,,,[],did you snag him?,,,,,False,False,[],False,,{},,,False,False,True,t3_ntrga6,,,False,/r/ontariofishing/comments/ntrga6/big_bass_out_of_london_on/h0tzg03/,public,False,t1_h0tzg03,,,[],1623011253.0,,0,,,,,,2021-06-06 16:27:33,1377432438.0,,1627762303.0
t5_2xdz5,,False,,False,,,,,text,0,ontariofishing,,,,,,h0tyow0,,,0,False,,True,Bullybass,,True,t3_ntrga6,1,t2_4f83gwff,,,,[],Bass aren‚Äôt in season yet in London. 4th Saturday in June is when Bass season opens.,,,,,False,False,[],False,,{},,,False,False,True,t3_ntrga6,,,False,/r/ontariofishing/comments/ntrga6/big_bass_out_of_london_on/h0tyow0/,public,False,t1_h0tyow0,,,[],1623010892.0,,0,,,,,,2021-06-06 16:21:32,1610247503.0,,1627762336.0
t5_2xdz5,,False,,False,,,,,text,0,ontariofishing,,,,,,h0tg2zs,,,0,False,,True,aeriox-phenomenon,,True,t3_ntrga6,1,t2_8krjcolw,,,,[],Large Tim's cup for reference,,,,,False,False,[],False,,{},,,False,False,True,t3_ntrga6,,,False,/r/ontariofishing/comments/ntrga6/big_bass_out_of_london_on/h0tg2zs/,public,False,t1_h0tg2zs,,,[],1623002273.0,,0,,,,,,2021-06-06 13:57:53,1603334570.0,,1627763299.0
t5_2xdz5,,False,,1622683412.0,,,,,text,0,ontariofishing,,,,,,gzkcawo,,,0,False,,True,Carribeantimberwolf,,True,t3_nd2cpr,1,t2_893zgq5s,,,,[],"There are many opportunities in tbay for steelhead, salmon, walleye and anything you can shake your rod at.  It‚Äôs 1000 times better fishing than Alberta, try Stanley, current river, cascades when people aren‚Äôt jumping in.  Marina park, for steelhead try the Mackenzie river.  Mackenzie is a good place to learn to fly fish.  If you want to drive a bit there are more opportunities from shore the dam at shebandewan, kashabowie dam and literally right off the highway will produce fish.

Use Google maps, it makes things easy, if you fancy a trip out to ear falls you will stop fishing from all the fish you‚Äôll catch, if you grew up in AB the kind of fishing that is in NWO is something you haven‚Äôt experienced.  You are in some of the best fishing/hunting land in the country.

Forgot to add you can and will catch trophy brookies in the nipigon river about 1 hour out of town.  Try the Alexander dam, every river on the way there also holds fish, bigger fish in the spring and fall.  Also forgot to add the kam has very good fishing as well.",,,,,False,False,[],False,,{},,,False,False,True,t3_nd2cpr,,,False,/r/ontariofishing/comments/nd2cpr/fishing_around_thunder_bay/gzkcawo/,public,False,t1_gzkcawo,,,[],1622065042.0,,0,,,,,,2021-05-26 17:37:22,1601209308.0,,1627835149.0
t5_2xdz5,,False,,False,,,,,text,0,ontariofishing,,,,,,gxpsj5w,,,0,False,,False,kshick91,,True,t3_n7dkf4,1,t2_a62b2oxu,,,,[],beauty!!,,,,,False,False,[],False,,{},,,False,False,True,t3_n7dkf4,,,False,/r/ontariofishing/comments/n7dkf4/pb_in_southern_ontario_off_the_shore_to_boot/gxpsj5w/,public,False,t1_gxpsj5w,,,[],1620731795.0,,0,,,,,,2021-05-11 07:16:35,1612440959.0,,1627944191.0
t5_2xdz5,,False,,False,,,,,text,0,ontariofishing,,,,,,gxotk92,,,0,False,,True,Lardcak321,,True,t1_gxot6sh,1,t2_a34r52jj,,,,[],"2 7‚Äô medium spinners
1 10‚Äô
whole bunch of tackle

Thank you very much mate!",,,,,False,False,[],True,,{},,,False,False,True,t3_n8tsjf,,,False,/r/ontariofishing/comments/n8tsjf/looking_for_shore_fishing/gxotk92/,public,False,t1_gxotk92,,,[],1620703324.0,,0,,,,,,2021-05-10 23:22:04,1612064472.0,,1627945830.0
t5_2xdz5,,False,,False,,,,,text,0,ontariofishing,,,,,,gxot6sh,,,0,False,,True,canadrian1999,,True,t1_gxoll2y,1,t2_dxfiqjd,,,,[],"What gear you have? Try some rivers, Humber river, Credit river or at river mouth in Lake Ontario.

Put a spinner, trout (in the rivers) or salmon in Lake Ontario. 

July is for bass, crankbait or plastics.

End of august and september is for salmon.

Have fun. Tight lines.",,,,,False,False,[],False,,{},,,False,False,True,t3_n8tsjf,,,False,/r/ontariofishing/comments/n8tsjf/looking_for_shore_fishing/gxot6sh/,public,False,t1_gxot6sh,,,[],1620703112.0,,0,,,,,,2021-05-10 23:18:32,1512778698.0,,1627945844.0
t5_2xdz5,,False,,False,,,,,text,0,ontariofishing,,,,,,gxoll2y,,,0,False,,True,Lardcak321,,True,t1_gxo24zk,1,t2_a34r52jj,,,,[],"just starting out, going for anything. I‚Äôm located in vaughan",,,,,False,False,[],True,,{},,,False,False,True,t3_n8tsjf,,,False,/r/ontariofishing/comments/n8tsjf/looking_for_shore_fishing/gxoll2y/,public,False,t1_gxoll2y,,,[],1620698911.0,,0,,,,,,2021-05-10 22:08:31,1612064472.0,,1627946171.0
t5_2xdz5,,False,,1620702558.0,,,,,text,0,ontariofishing,,,,,,gxo24zk,,,0,False,,True,canadrian1999,,True,t3_n8tsjf,2,t2_dxfiqjd,,,,[],"Where approx you live? What equipment you have? What are you hoping to catch?

Just get out, put a bobber, splitshot, a hook and a worm and just try.

Get a spinner, try that too.

Install fishbrain app, see what others are catching in your area and what gear/bait they use.
Have a fishing license.",,,,,False,False,[],False,,{},,,False,False,True,t3_n8tsjf,,,False,/r/ontariofishing/comments/n8tsjf/looking_for_shore_fishing/gxo24zk/,public,False,t1_gxo24zk,,,[],1620688947.0,,0,,,,,,2021-05-10 19:22:27,1512778698.0,,1627947095.0
t5_2xdz5,,False,,False,,,,,text,0,ontariofishing,,,,,,gxkd194,,,0,False,,False,Lardcak321,,True,t3_mmwzgg,1,t2_a34r52jj,,,,[],i‚Äôm looking for some shore fishing spots,,,,,False,False,[],False,,{},,,False,False,True,t3_mmwzgg,,,False,/r/ontariofishing/comments/mmwzgg/good_fishing_spots/gxkd194/,public,False,t1_gxkd194,,,[],1620614028.0,,0,,,,,,2021-05-09 22:33:48,1612064472.0,,1627953230.0
t5_2xdz5,,False,,False,,,,,text,0,ontariofishing,,,,,,gxj33k6,,,0,False,,True,zr942100,,True,t3_n65zct,1,t2_7vo3fmtw,,,,[],"YouTube.com is your friend, friend
 
Jigging can be a fun and productive method, check it out",,,,,False,False,[],False,,{},,,False,False,True,t3_n65zct,,,False,/r/ontariofishing/comments/n65zct/walleye_tips/gxj33k6/,public,False,t1_gxj33k6,,,[],1620589483.0,,0,,,,,,2021-05-09 15:44:43,1599064878.0,,1627955327.0
t5_2xdz5,,False,,False,,,,,text,0,ontariofishing,,,,,,gxcatoc,,,0,False,,True,ByteTheEditor,,True,t3_n7dkf4,1,t2_doqkj,,,,[],"It depends on the zone, but they are closed in my area and should be returned if caught.",,,,,False,False,[],True,,{},,,False,False,True,t3_n7dkf4,,,False,/r/ontariofishing/comments/n7dkf4/pb_in_southern_ontario_off_the_shore_to_boot/gxcatoc/,public,False,t1_gxcatoc,,,[],1620437020.0,,0,,,,,,2021-05-07 21:23:40,1382999550.0,,1627966419.0
t5_2xdz5,,False,,False,,,,,text,0,ontariofishing,,,,,,gxca9uo,,,0,False,,False,johnny-redlight,,True,t3_n7dkf4,4,t2_bijcg,,,,[],Are muskie open? I can't remember if they open the same time as pike or if they are later like bass.,,,,,False,False,[],False,,{},,,False,False,True,t3_n7dkf4,,,False,/r/ontariofishing/comments/n7dkf4/pb_in_southern_ontario_off_the_shore_to_boot/gxca9uo/,public,False,t1_gxca9uo,,,[],1620436715.0,,0,,,,,,2021-05-07 21:18:35,1367341282.0,,1627966440.0
t5_2xdz5,,False,,False,,,,,text,0,ontariofishing,,,,,,gxc9vtd,,,0,False,,True,ByteTheEditor,,True,t1_gxc9ien,1,t2_doqkj,,,,[],"I do believe it is.  Sharp tail fork, pointed dorsal fins, vertical barring  pattern,  and light colour. I got so excited I forgot to count the vents under the jaw.",,,,,False,False,[],True,,{},,,False,False,True,t3_n7dkf4,,,False,/r/ontariofishing/comments/n7dkf4/pb_in_southern_ontario_off_the_shore_to_boot/gxc9vtd/,public,False,t1_gxc9vtd,,,[],1620436494.0,,0,,,,,,2021-05-07 21:14:54,1382999550.0,,1627966455.0
t5_2xdz5,,False,,False,,,,,text,0,ontariofishing,,,,,,gxc9ien,,,0,False,,True,johnny-redlight,,True,t3_n7dkf4,2,t2_bijcg,,,,[],Is that a muskie?,,,,,False,False,[],False,,{},,,False,False,True,t3_n7dkf4,,,False,/r/ontariofishing/comments/n7dkf4/pb_in_southern_ontario_off_the_shore_to_boot/gxc9ien/,public,False,t1_gxc9ien,,,[],1620436282.0,,0,,,,,,2021-05-07 21:11:22,1367341282.0,,1627966473.0
t5_2xdz5,,False,,False,,,,,text,0,ontariofishing,,,,,,gv9mw0s,,,0,False,,False,tsxer,,True,t1_gv975b2,2,t2_9k234hqr,,,,[],"Perfect, thanks for the info. I‚Äôm going to head up there Saturday and see how she goes! Probably get a Covid ticket but oh well lol",,,,,False,False,[],True,,{},,,False,False,True,t3_mv0o78,,,False,/r/ontariofishing/comments/mv0o78/goderich_salmon_trout/gv9mw0s/,public,False,t1_gv9mw0s,,,[],1618963513.0,,0,,,,,,2021-04-20 20:05:13,1609262302.0,,1628218017.0
t5_2xdz5,,False,,False,,,,,text,0,ontariofishing,,,,,,gv97bwt,,,0,False,,False,DiamondTesticles14,,True,t3_mv0o78,1,t2_9zadk588,,,,[],That whole stretch of water in bayfield from the bridge to the varna bridge produces large trout,,,,,False,False,[],False,,{},,,False,False,True,t3_mv0o78,,,False,/r/ontariofishing/comments/mv0o78/goderich_salmon_trout/gv97bwt/,public,False,t1_gv97bwt,,,[],1618956071.0,,0,,,,,,2021-04-20 18:01:11,1614270073.0,,1628219493.0
t5_2xdz5,,False,,False,,,,,text,0,ontariofishing,,,,,,gv975b2,,,0,False,,True,DiamondTesticles14,,True,t1_gv96whk,1,t2_9zadk588,,,,[],"Its always super busy, but ya theyre definitely there. Ive had luck all the way up till may24 weekend! Its my favorite fishing! I prefer varna area .. the big pools are loaded",,,,,False,False,[],False,,{},,,False,False,True,t3_mv0o78,,,False,/r/ontariofishing/comments/mv0o78/goderich_salmon_trout/gv975b2/,public,False,t1_gv975b2,,,[],1618955992.0,,0,,,,,,2021-04-20 17:59:52,1614270073.0,,1628219508.0
t5_2xdz5,,False,,False,,,,,text,0,ontariofishing,,,,,,gv96whk,,,0,False,,True,tsxer,,True,t1_gv92w1u,1,t2_9k234hqr,,,,[],"Thank you, I appreciate that!

So opening of the season is a good of time as any?",,,,,False,False,[],True,,{},,,False,False,True,t3_mv0o78,,,False,/r/ontariofishing/comments/mv0o78/goderich_salmon_trout/gv96whk/,public,False,t1_gv96whk,,,[],1618955888.0,,0,,,,,,2021-04-20 17:58:08,1609262302.0,,1628219535.0
t5_2xdz5,,False,,False,,,,,text,0,ontariofishing,,,,,,gv92w1u,,,0,False,,True,DiamondTesticles14,,True,t3_mv0o78,1,t2_9zadk588,,,,[],"Bayfield area for me, or goderich near the campground... opens saturday so good luck",,,,,False,False,[],False,,{},,,False,False,True,t3_mv0o78,,,False,/r/ontariofishing/comments/mv0o78/goderich_salmon_trout/gv92w1u/,public,False,t1_gv92w1u,,,[],1618954167.0,,0,,,,,,2021-04-20 17:29:27,1614270073.0,,1628219911.0
